Workbook

Sheet Auto Refresh Execution Log
A1: Refresh Time | B1: Sheet | C1: Operation | D1: Status | E1: User
A2: 46062.331 | B2: Price Multipliers | C2: Report Id: 00OVO000003z2O92AI | D2: Success | E2: jad.hajjar@cloudkitchens.com
A3: 46062.331 | B3: SF Churn Data | C3: Report Id: 00O6T000006Y5DiUAK | D3: Success | E3: jad.hajjar@cloudkitchens.com
A4: 46062.331 | B4: Area Data | C4: Report Id: 00O6T000006Y0l6UAC | D4: Success | E4: jad.hajjar@cloudkitchens.com
A5: 46062.331 | B5: All no status kitchens | C5: Report Id: 00O6T000006DPigUAG | D5: Success | E5: jad.hajjar@cloudkitchens.com
A6: 46062.331 | B6: Sellable No Status | C6: Report Id: 00O6T000006DXT0UAO | D6: Success | E6: jad.hajjar@cloudkitchens.com
A7: 46062.331 | B7: SF Kitchen Data | C7: Report Id: 00O6T000006Y0l6UAC | D7: Success | E7: jad.hajjar@cloudkitchens.com
A8: 46062.165 | B8: Price Multipliers | C8: Report Id: 00OVO000003z2O92AI | D8: Success | E8: jad.hajjar@cloudkitchens.com
A9: 46062.165 | B9: SF Churn Data | C9: Report Id: 00O6T000006Y5DiUAK | D9: Success | E9: jad.hajjar@cloudkitchens.com
A10: 46062.165 | B10: Area Data | C10: Report Id: 00O6T000006Y0l6UAC | D10: Success | E10: jad.hajjar@cloudkitchens.com
A11: 46062.165 | B11: All no status kitchens | C11: Report Id: 00O6T000006DPigUAG | D11: Success | E11: jad.hajjar@cloudkitchens.com
A12: 46062.165 | B12: Sellable No Status | C12: Report Id: 00O6T000006DXT0UAO | D12: Success | E12: jad.hajjar@cloudkitchens.com
A13: 46062.165 | B13: SF Kitchen Data | C13: Report Id: 00O6T000006Y0l6UAC | D13: Success | E13: jad.hajjar@cloudkitchens.com
... A101: 46059.665 | B101: All no status kitchens | C101: Report Id: 00O6T000006DPigUAG | D101: Success | E101: jad.hajjar@cloudkitchens.com

Sheet SF Kitchen Data
A1: Account Name | B1: Type | C1: Category | D1: Kitchen Number ID 18 | E1: Kitchen Number Name | F1: Status | G1: Kitchen Size (Sq. Meters) | H1: Hood Size | I1: Floor Price | J1: List Price | K1: Activation Fee | L1: Opportunity ID 18 | M1: Opportunity Name | N1: Opportunity Owner: Full Name | O1: Floor | P1: County | Q1: Churn Date
A2: SA - RUH - Aqiq | B2: CPU | C2: X | D2: a1LVO000003qvTV2AY | E2: K22 (CPU) - SA - RUH - Aqiq | H2: NA | I2: 1666.66 | J2: 2250 | O2: GF | P2: North West | Q2: =IFERROR(VLOOKUP(E2,'SF Churn Data'!E:R,14,0),"")
A3: SA - RUH - Arid (2) | B3: Hot | C3: Cold | D3: a1LVO000004E6w52AC | E3: K04 (Cold) - SA - RUH - Arid (2) | G3: 10.62 | H3: Cold | I3: 5100 | J3: 6150 | O3: GF | P3: North | Q3: =IFERROR(VLOOKUP(E3,'SF Churn Data'!E:R,14,0),"")
A4: SA - RUH - Narjis | B4: Cold | C4: COLD | D4: a1L6T00000iJA28UAG | E4: K01 (Cold) - SA - RUH - Narjis | G4: 9.12 | H4: NA | I4: 3551 | J4: 4100 | K4: 4350 | O4: GF | P4: North | Q4: =IFERROR(VLOOKUP(E4,'SF Churn Data'!E:R,14,0),"")
A5: SA - RUH - Arid (2) | B5: Hot | C5: C | D5: a1LVO000004E7H32AK | E5: K17 (Hot) - SA - RUH - Arid (2) | G5: 15.03 | H5: 2.4m | I5: 6400 | J5: 7700 | O5: 1st | P5: North | Q5: =IFERROR(VLOOKUP(E5,'SF Churn Data'!E:R,14,0),"")
A6: SA - RUH - Mursalat | B6: Hot Kitchen | C6: C | D6: a1LVO000002yMFp2AM | E6: K06 (Hot) - SA - MUR | G6: 15.04 | H6: 2.4m Hood | I6: 6430 | J6: 6450 | O6: 1st | P6: Center | Q6: =IFERROR(VLOOKUP(E6,'SF Churn Data'!E:R,14,0),"")
A7: SA - RUH - Mursalat | B7: Hot Kitchen | C7: D | D7: a1LVO000002yMHR2A2 | E7: K07 (Hot) - SA - MUR | G7: 17.06 | H7: 3.0m Hood | I7: 6861 | J7: 6900 | O7: 1st | P7: Center | Q7: =IFERROR(VLOOKUP(E7,'SF Churn Data'!E:R,14,0),"")
A8: SA - RUH - Mursalat | B8: Hot Kitchen | C8: C | D8: a1LVO000002yMJ32AM | E8: K08 (Hot) - SA - MUR | G8: 15.04 | H8: 2.4m Hood | I8: 6430 | J8: 6450 | O8: 1st | P8: Center | Q8: =IFERROR(VLOOKUP(E8,'SF Churn Data'!E:R,14,0),"")
A9: SA - RUH - Mursalat | B9: Hot Kitchen | C9: C | D9: a1LVO000002yMAz2AM | E9: K03 (Hot) - SA - MUR | G9: 15.15 | H9: 2.4m Hood | I9: 6430 | J9: 6450 | O9: 1st | P9: Center | Q9: =IFERROR(VLOOKUP(E9,'SF Churn Data'!E:R,14,0),"")
A10: SA - RUH - Mursalat | B10: Hot Kitchen | C10: D | D10: a1LVO000002yMCb2AM | E10: K04 (Hot) - SA - MUR | G10: 17.06 | H10: 3.0m Hood | I10: 6861 | J10: 6900 | O10: 1st | P10: Center | Q10: =IFERROR(VLOOKUP(E10,'SF Churn Data'!E:R,14,0),"")
A11: SA - RUH - Mursalat | B11: Hot Kitchen | C11: C | D11: a1LVO000002yMED2A2 | E11: K05 (Hot) - SA - MUR | G11: 15.04 | H11: 2.4m Hood | I11: 6430 | J11: 6450 | O11: 1st | P11: Center | Q11: =IFERROR(VLOOKUP(E11,'SF Churn Data'!E:R,14,0),"")
A12: SA - RUH - Mursalat | B12: Hot Kitchen | C12: E | D12: a1LVO000002yM9N2AU | E12: K02 (Hot) - SA - MUR | G12: 19.04 | H12: 3.0m Hood | I12: 7300 | J12: 7300 | O12: 1st | P12: Center | Q12: =IFERROR(VLOOKUP(E12,'SF Churn Data'!E:R,14,0),"")
A13: SA - RUH - Mursalat | B13: Hot Kitchen | C13: E | D13: a1LVO000002yM7l2AE | E13: K01 (Hot) - SA - MUR | G13: 19.04 | H13: 3.0m Hood | I13: 7300 | J13: 7300 | O13: 1st | P13: Center | Q13: =IFERROR(VLOOKUP(E13,'SF Churn Data'!E:R,14,0),"")
A14: SA - RUH - Mursalat | B14: Hot Kitchen | C14: C | D14: a1LVO000002yMfd2AE | E14: K23 (Hot) - SA - MUR | G14: 15.03 | H14: 2.4m Hood | I14: 6430 | J14: 6450 | O14: 2nd | P14: Center | Q14: =IFERROR(VLOOKUP(E14,'SF Churn Data'!E:R,14,0),"")
A15: SA - RUH - Mursalat | B15: Hot Kitchen | C15: E | D15: a1LVO000002yMhF2AU | E15: K22 (Hot) - SA - MUR | G15: 19.15 | H15: 3.0m Hood | I15: 7300 | J15: 7300 | O15: 2nd | P15: Center | Q15: =IFERROR(VLOOKUP(E15,'SF Churn Data'!E:R,14,0),"")
A16: SA - RUH - Mursalat | B16: Hot Kitchen | C16: C | D16: a1LVO000002yMcP2AU | E16: K21 (Hot) - SA - MUR | G16: 15.03 | H16: 2.4m Hood | I16: 6430 | J16: 6450 | O16: 2nd | P16: Center | Q16: =IFERROR(VLOOKUP(E16,'SF Churn Data'!E:R,14,0),"")
... A28: SA - RUH - Mursalat | B28: Hot Kitchen | C28: C | D28: a1LVO000002yMMH2A2 | E28: K10 (Hot) - SA - MUR | G28: 15.04 | H28: 2.4m Hood | I28: 6430 | J28: 6450 | O28: 1st | P28: Center | Q28: =IFERROR(VLOOKUP(E28,'SF Churn Data'!E:R,14,0),"")
A29: SA - RUH - Malga (1) | B29: Hot | C29: A | D29: a1L5G000004NKhtUAG | E29: K16 (Hot) - SA - RUH - Malga 1 | G29: 11.9 | H29: 2.0m | I29: 5148 | J29: 7250 | K29: 6200 | O29: 1st Floor | P29: North West | Q29: =IFERROR(VLOOKUP(E29,'SF Churn Data'!E:R,14,0),"")
A30: SA - RUH - Malga (1) | B30: Hot | C30: C | D30: a1L5G000004NKhvUAG | E30: K18 (Hot) - SA - RUH - Malga 1 | G30: 16.9 | H30: 3.0m | I30: 6437 | J30: 9050 | K30: 7750 | O30: 1st Floor | P30: North West | Q30: =IFERROR(VLOOKUP(E30,'SF Churn Data'!E:R,14,0),"")
A31: SA - RUH - Malga (1) | B31: Hot | C31: C | D31: a1L5G000004NKhwUAG | E31: K19 (Hot) - SA - RUH - Malga 1 | G31: 16 | H31: 2.4m | I31: 6008 | J31: 8450 | K31: 7300 | O31: 1st Floor | P31: North West | Q31: =IFERROR(VLOOKUP(E31,'SF Churn Data'!E:R,14,0),"")
A32: SA - RUH - Malga (1) | B32: Hot | C32: A | D32: a1L5G000004NKhlUAG | E32: K08 (Hot) - SA - RUH - Malga 1 | G32: 11.3 | H32: 2.0m | I32: 5148 | J32: 7250 | K32: 6200 | O32: GF | P32: North West | Q32: =IFERROR(VLOOKUP(E32,'SF Churn Data'!E:R,14,0),"")
A33: SA - QSM - Al Bishr | B33: Hot | C33: E | D33: a1L6T00000d2MvuUAE | E33: K13 (Hot) - SA - RUH - QSM | F33: Churning | G33: 21.06 | H33: 3.0m | I33: 3229 | J33: 2750 | K33: 3900 | L33: 006VO00000TRgP3YAL | M33: Samoli Ep | N33: Riyad Ali | O33: 2nd | Q33: =IFERROR(VLOOKUP(E33,'SF Churn Data'!E:R,14,0),"") -> 46078
A34: SA - AHS - Hofuf | B34: Hot | C34: B | D34: a1L6T00000iJLZdUAO | E34: K06 (Hot)- KSA - AHS- Hofuf | F34: Churning | G34: 14.78 | H34: 2.4m Hood | I34: 2975.44 | J34: 2400 | K34: 3500 | L34: 006VO00000dcowbYAA | M34: Nukhba al Wasal hofouf | N34: Riyad Ali | O34: GF | Q34: =IFERROR(VLOOKUP(E34,'SF Churn Data'!E:R,14,0),"") -> 46065
A35: SA - RUH - Khaleej | B35: Hot | C35: A | D35: a1L5G000004NSiDUAW | E35: K26 (Hot) - SA - RUH - Khaleej | F35: Churning | G35: 11.97 | H35: 2.0m | I35: 2482 | J35: 3600 | K35: 3000 | L35: 006VO00000eOAaHYAW | M35: Al Normani Khaleej | N35: Shiraz Ali | O35: 1st | P35: East | Q35: =IFERROR(VLOOKUP(E35,'SF Churn Data'!E:R,14,0),"") -> 46082
A36: SA - RUH - Olaya | B36: Hot | C36: C | D36: a1L5G000004Tzj8UAC | E36: K16 (Hot) - SA - RUH - Olaya | F36: Churning | G36: 16 | H36: 2.4m | I36: 8592 | J36: 9500 | K36: 10350 | O36: 1st | P36: Center | Q36: =IFERROR(VLOOKUP(E36,'SF Churn Data'!E:R,14,0),"") -> 46082
A37: SA - RUH - Wadi | B37: Hot | C37: D | D37: a1L5G000004TzoXUAS | E37: K07 (Hot) - SA - RUH - Wadi | F37: Churning | G37: 18.1 | H37: 2.4m | I37: 7096 | J37: 7100 | K37: 8550 | O37: G | P37: North | Q37: =IFERROR(VLOOKUP(E37,'SF Churn Data'!E:R,14,0),"") -> 46081
A38: SA - RUH - Wadi | B38: Hot | C38: E | D38: a1L5G000004TzpbUAC | E38: K45 (Hot) - SA - RUH - Wadi | F38: Churning | G38: 20.8 | H38: 2.4m | I38: 7514 | J38: 7550 | K38: 9100 | O38: 1st | P38: North | Q38: =IFERROR(VLOOKUP(E38,'SF Churn Data'!E:R,14,0),"") -> 46082
A39: SA - RUH - Qurtoba | B39: Hot | C39: C | D39: a1L5G000004TzsPUAS | E39: K10 (Hot) SA - RUH - Qurtoba | F39: Churning | G39: 16 | H39: 2.4m | I39: 4799 | J39: 6750 | K39: 5800 | O39: G | P39: North East | Q39: =IFERROR(VLOOKUP(E39,'SF Churn Data'!E:R,14,0),"") -> 46068
A40: SA - RUH - Dahrat Laban | B40: Hot | C40: B | D40: a1L5G000004TzmgUAC | E40: K16 (Hot) - SA - RUH - Dahrat Laban | F40: Churning | G40: 14.54 | H40: 2.4m | I40: 4666 | J40: 4700 | K40: 5650 | O40: Mez | P40: South West | Q40: =IFERROR(VLOOKUP(E40,'SF Churn Data'!E:R,14,0),"") -> 46082
A41: SA - RUH - Wadi | B41: Hot | C41: D | D41: a1L5G000004TzoIUAS | E41: K04 (Hot) - SA - RUH - Wadi | F41: Churning | G41: 18.1 | H41: 2.4m | I41: 7096 | J41: 7100 | K41: 8550 | O41: G | P41: North | Q41: =IFERROR(VLOOKUP(E41,'SF Churn Data'!E:R,14,0),"") -> 46082
A42: SA - DMM - Zuhur | B42: Hot | C42: G | D42: a1L5G000004NecqUAC | E42: K22 (Hot) - SA - DMM - Zuhur | F42: Churning | G42: 24.71 | H42: 4.0m | I42: 4750 | J42: 5700 | K42: 5700 | O42: 1st Floor | Q42: =IFERROR(VLOOKUP(E42,'SF Churn Data'!E:R,14,0),"") -> 46081
A43: SA - RUH - Khaleej | B43: Hot | C43: D | D43: a1L5G000004NSi3UAG | E43: K16 (Hot) - SA - RUH - Khaleej | F43: Churning | G43: 19.55 | H43: 3.0m | I43: 3944 | J43: 5750 | K43: 4750 | O43: 1st | P43: East | Q43: =IFERROR(VLOOKUP(E43,'SF Churn Data'!E:R,14,0),"") -> 46082
A44: SA - KBR - Aqrabiya | B44: Hot | C44: C | D44: a1L5G000004NYIEUA4 | E44: K16 (Hot) - SA - KBR - Aqrabiya | F44: Churning | G44: 15.43 | H44: 2.4m | I44: 4250 | J44: 4900 | K44: 5100 | O44: 1st Floor | Q44: =IFERROR(VLOOKUP(E44,'SF Churn Data'!E:R,14,0),"") -> 46081
A45: SA - KBR - Aqrabiya | B45: Hot | C45: C | D45: a1L5G000004NYIDUA4 | E45: K15 (Hot) - SA - KBR - Aqrabiya | F45: Churning | G45: 15.67 | H45: 2.4m | I45: 4250 | J45: 4900 | K45: 5100 | O45: 1st Floor | Q45: =IFERROR(VLOOKUP(E45,'SF Churn Data'!E:R,14,0),"") -> 46081
A46: SA - KBR - Aqrabiya | B46: Hot | C46: D | D46: a1L5G000004NYI4UAO | E46: K06 (Hot) - SA - KBR - Aqrabiya | F46: Churning | G46: 18.31 | H46: 3.0m | I46: 4990 | J46: 5750 | K46: 6000 | O46: GF | Q46: =IFERROR(VLOOKUP(E46,'SF Churn Data'!E:R,14,0),"") -> 46127
A47: SA - RUH - Qurtoba | B47: Hot | C47: C | D47: a1L5G000004TzstUAC | E47: K18 (Hot) SA - RUH - Qurtoba | F47: Churning | G47: 16 | H47: 2.4m | I47: 4799 | J47: 6750 | K47: 5800 | O47: G | P47: North East | Q47: =IFERROR(VLOOKUP(E47,'SF Churn Data'!E:R,14,0),"") -> 46082
A48: SA - RUH - Qurtoba | B48: Hot | C48: F | D48: a1L5G000004TzsoUAC | E48: K16 (Hot) SA - RUH - Qurtoba | F48: Churning | G48: 22 | H48: 2.4m | I48: 6090 | J48: 8550 | K48: 7350 | O48: G | P48: North East | Q48: =IFERROR(VLOOKUP(E48,'SF Churn Data'!E:R,14,0),"") -> 46068
A49: SA - RUH - Qurtoba | B49: Hot | C49: F | D49: a1L5G000004TzsjUAC | E49: K15 (Hot) SA - RUH - Qurtoba | F49: Churning | G49: 22 | H49: 2.4m | I49: 6090 | J49: 8550 | K49: 7350 | O49: G | P49: North East | Q49: =IFERROR(VLOOKUP(E49,'SF Churn Data'!E:R,14,0),"") -> 46130
A50: SA - RUH - Qurtoba | B50: Hot | C50: D | D50: a1L5G000004TztDUAS | E50: K22 (Hot) SA - RUH - Qurtoba | F50: Churning | G50: 17 | H50: 2.4m | I50: 5731 | J50: 8050 | K50: 6900 | O50: G | P50: North East | Q50: =IFERROR(VLOOKUP(E50,'SF Churn Data'!E:R,14,0),"") -> 46082
A51: SA - RUH - Qurtoba | B51: Cold | C51: Cold | D51: a1L5G000004TzuuUAC | E51: K02 (Cold) SA - RUH - Qurtoba | F51: Churning | G51: 11 | H51: Cold | I51: 3580 | J51: 5050 | K51: 4350 | O51: G | P51: North East | Q51: =IFERROR(VLOOKUP(E51,'SF Churn Data'!E:R,14,0),"") -> 46082
A52: SA - RUH - Arid (2) | B52: Hot | C52: B | D52: a1LVO000004E9Nh2AK | E52: K05 (Hot) - SA - RUH - Arid (2) | F52: Churning | G52: 14.04 | H52: 2.4m | I52: 6000 | J52: 7200 | O52: GF | P52: North | Q52: =IFERROR(VLOOKUP(E52,'SF Churn Data'!E:R,14,0),"") -> 46081
A53: SA - RUH - Yasmin | B53: Cold | C53: Cold | D53: a1L6T00000iJdvcUAC | E53: K10 (Cold) - SA - RUH - Yasmin | F53: Churning | G53: 12.04 | H53: Cold | I53: 3900 | J53: 5100 | O53: 1st | P53: North | Q53: =IFERROR(VLOOKUP(E53,'SF Churn Data'!E:R,14,0),"") -> 46068
A54: SA - RUH - Yasmin | B54: Hot | C54: D | D54: a1L6T00000iJdvVUAS | E54: K03 (Hot) - SA - RUH - Yasmin | F54: Churning | G54: 18.84 | H54: 3.0m | I54: 6200 | J54: 8100 | O54: 1st | P54: North | Q54: =IFERROR(VLOOKUP(E54,'SF Churn Data'!E:R,14,0),"") -> 46073
A55: SA - RUH - Malga (1) | B55: Cold | C55: Cold | D55: a1L5G000004NKhmUAG | E55: K09 (Cold) - SA - RUH - Malga 1 | F55: Churning | G55: 10.4 | H55: Cold | I55: 3257 | J55: 4600 | K55: 4000 | O55: 2nd Floor | P55: North West | Q55: =IFERROR(VLOOKUP(E55,'SF Churn Data'!E:R,14,0),"") -> 46082
A56: SA - RUH - Malga (1) | B56: Cold | C56: Cold | D56: a1L5G000004NKhoUAG | E56: K11 (Cold) - SA - RUH - Malga 1 | F56: Churning | G56: 10.6 | H56: Cold | I56: 3257 | J56: 4600 | K56: 4000 | O56: 1st Floor | P56: North West | Q56: =IFERROR(VLOOKUP(E56,'SF Churn Data'!E:R,14,0),"") -> 46112
A57: SA - DMM - Rawda | B57: Hot | C57: C | D57: a1L6T00000iJ1ELUA0 | E57: K12 (Hot) - SA - DMM - Rawda | F57: Churning | G57: 15.44 | H57: 2.4m | I57: 3150 | J57: 3800 | K57: 3700 | O57: 1st | Q57: =IFERROR(VLOOKUP(E57,'SF Churn Data'!E:R,14,0),"") -> 46085
A58: SA - DMM - Rawda | B58: Hot | C58: F | D58: a1L6T00000iJ1EPUA0 | E58: K06 (Hot) - SA - DMM - Rawda | F58: Churning | G58: 22.69 | H58: 4.0m | I58: 4150 | J58: 5000 | K58: 4800 | O58: GF | Q58: =IFERROR(VLOOKUP(E58,'SF Churn Data'!E:R,14,0),"") -> 46142
A59: SA - DMM - Rawda | B59: Cold | C59: Cold | D59: a1L6T00000iJ1EJUA0 | E59: K18 (Cold) - SA - DMM - Rawda | F59: Churning | G59: 10.13 | H59: Cold | I59: 1900 | J59: 2300 | K59: 2300 | O59: 1st | Q59: =IFERROR(VLOOKUP(E59,'SF Churn Data'!E:R,14,0),"") -> 46091
A60: SA - DMM - Rawda | B60: Hot | C60: D | D60: a1L6T00000iJ1E9UAK | E60: K05 (Hot) - SA - DMM - Rawda | F60: Churning | G60: 18.46 | H60: 3.0m | I60: 3500 | J60: 4200 | K60: 4100 | O60: GF | Q60: =IFERROR(VLOOKUP(E60,'SF Churn Data'!E:R,14,0),"") -> 46091
A61: SA - RUH - Sulimaniyah | B61: Hot | C61: D | D61: a1L6T00000iJBZYUA4 | E61: K25 (Hot) - SA - RUH - Sulimaniyah | F61: Churning | G61: 18.15 | H61: 3.0m | I61: 6250 | J61: 8150 | K61: 7500 | O61: 3rd | P61: Center | Q61: =IFERROR(VLOOKUP(E61,'SF Churn Data'!E:R,14,0),"") -> 46092
A62: SA - DMM - Zuhur | B62: Hot | C62: C | D62: a1L6T00000kcQBPUA2 | E62: K20 (Hot) - SA - DMM - Zuhur | F62: Churning | G62: 16.38 | H62: 2.4m | I62: 3563 | J62: 4300 | K62: 4450 | O62: 1st Floor | Q62: =IFERROR(VLOOKUP(E62,'SF Churn Data'!E:R,14,0),"") -> 46110
A63: SA - RUH - Malga (2) | B63: Hot | C63: C | D63: a1L5G000004OE0RUAW | E63: K19 (Hot) - SA - RUH - Malga 2 | F63: Churning | G63: 15.6 | H63: 3.0m | I63: 5494 | J63: 7700 | K63: 6600 | O63: 1st | P63: North West | Q63: =IFERROR(VLOOKUP(E63,'SF Churn Data'!E:R,14,0),"") -> 46081
A64: SA - RUH - Malga (2) | B64: Hot | C64: A | D64: a1L5G000004OE0WUAW | E64: K10 (Hot) - SA - RUH - Malga 2 | F64: Churning | G64: 10.22 | H64: 2.0m | I64: 4173 | J64: 5850 | K64: 5050 | O64: GF | P64: North West | Q64: =IFERROR(VLOOKUP(E64,'SF Churn Data'!E:R,14,0),"") -> 46124
A65: SA - RUH - Malga (2) | B65: Hot | C65: B | D65: a1L5G000004OE0LUAW | E65: K09 (Hot) - SA - RUH - Malga 2 | F65: Churning | G65: 11.75 | H65: 2.4m | I65: 4684 | J65: 6600 | K65: 5650 | O65: GF | P65: North West | Q65: =IFERROR(VLOOKUP(E65,'SF Churn Data'!E:R,14,0),"") -> 46064
A66: SA - RUH - Aqiq | B66: Hot | C66: C | D66: a1L5G000004NsYWUA0 | E66: K17 (Hot) - SA - RUH - Aqiq | F66: Churning | G66: 18.68 | H66: 3.0m | I66: 6230 | J66: 8450 | K66: 7500 | O66: 1st | P66: North West | Q66: =IFERROR(VLOOKUP(E66,'SF Churn Data'!E:R,14,0),"") -> 46102
A67: SA - RUH - Sweidi | B67: Hot | C67: B | D67: a1L5G000004Tzk1UAC | E67: K05 (Hot) - SA - RUH - Sweidi | F67: Occupied | G67: 13.5 | H67: 2.4m | I67: 4150 | J67: 5400 | K67: 4800 | L67: 0065G00000aCkVTQA0 | M67: Logimat Mama Noura KSA - 4 | N67: Omar Joumaa | O67: GF | P67: South West | Q67: =IFERROR(VLOOKUP(E67,'SF Churn Data'!E:R,14,0),"")
A68: SA - RUH - Sweidi | B68: Hot | C68: B | D68: a1L5G000004TzkBUAS | E68: K07 (Hot) - SA - RUH - Sweidi | F68: Occupied | G68: 14 | H68: 2.4m | I68: 4650 | J68: 6050 | K68: 5400 | L68: 0065G00000aCkVdQAK | M68: Logimat Mama Noura KSA - 5 | N68: Omar Joumaa | O68: GF | P68: South West | Q68: =IFERROR(VLOOKUP(E68,'SF Churn Data'!E:R,14,0),"")
A69: SA - RUH - Wadi | B69: Hot | C69: F | D69: a1L5G000004TzpfUAC | E69: K23 (Hot) - SA - RUH - Wadi | F69: Occupied | G69: 22.2 | H69: 2.4m | I69: 8349 | J69: 8350 | K69: 10050 | L69: 0065G00000dMtwTQAS | M69: Burger King SA | N69: Osama Eliewa | O69: G | P69: North | Q69: =IFERROR(VLOOKUP(E69,'SF Churn Data'!E:R,14,0),"")
A70: SA - RUH - Sweidi | B70: Cold | C70: Cold | D70: a1L5G000004TzlTUAS | E70: K04 (Cold) - SA - RUH - Sweidi | F70: Occupied | G70: 9 | H70: Cold | I70: 3100 | J70: 4050 | K70: 3600 | L70: 0065G00000dOim7QAC | M70: Eat ha | N70: Ahmed Alghamdi | O70: Mez | P70: South West | Q70: =IFERROR(VLOOKUP(E70,'SF Churn Data'!E:R,14,0),"")
A71: SA - RUH - Malga (1) | B71: Cold | C71: Cold | D71: a1L5G000004NSfYUAW | E71: K21 (Cold) - SA - RUH - Malga 1 | F71: Occupied | G71: 10.3 | H71: Cold | I71: 3257 | J71: 4600 | K71: 4000 | L71: 0065G00000dOswMQAS | M71: Quizno's Sub - Malga | N71: Jad Hajjar | O71: 2nd Floor | P71: North West | Q71: =IFERROR(VLOOKUP(E71,'SF Churn Data'!E:R,14,0),"")
A72: SA - RUH - Khaleej | B72: Cold | C72: Cold | D72: a1L5G000004NShrUAG | E72: K12 (Cold) - SA - RUH - Khaleej | F72: Occupied | G72: 9.3 | H72: Cold | I72: 1652 | J72: 2400 | K72: 2050 | L72: 0065G00000j3SK4QAM | M72: Cookies n Cream Khaleej | N72: Shiraz Ali | O72: GF | P72: East | Q72: =IFERROR(VLOOKUP(E72,'SF Churn Data'!E:R,14,0),"")
A73: SA - RUH - Sweidi | B73: Hot | C73: C | D73: a1L5G000004TzjmUAC | E73: K03 (Hot) - SA - RUH - Sweidi | F73: Occupied | G73: 16.2 | H73: 3.0m | I73: 5700 | J73: 7450 | K73: 6600 | L73: 0065G00000j4E5KQAU | M73: Burger King SA | N73: Osama Eliewa | O73: GF | P73: South West | Q73: =IFERROR(VLOOKUP(E73,'SF Churn Data'!E:R,14,0),"")
A74: SA - RUH - Olaya | B74: Hot | C74: C | D74: a1L5G000004TzijUAC | E74: K11 (Hot) - SA - RUH - Olaya | F74: Occupied | G74: 16.4 | H74: 2.4m | I74: 8592 | J74: 9500 | K74: 10350 | L74: 0065G00000j6v2FQAQ | M74: Cosmo Cafe - Olaya - KSA | N74: Ahmed Alghamdi | O74: 1st | P74: Center | Q74: =IFERROR(VLOOKUP(E74,'SF Churn Data'!E:R,14,0),"")
A75: SA - RUH - Malga (2) | B75: Hot | C75: D | D75: a1L5G000004OE0KUAW | E75: K13 (Hot) - SA - RUH - Malga 2 | F75: Occupied | G75: 18.64 | H75: 3.0m | I75: 6345 | J75: 8900 | K75: 7650 | L75: 0065G00000mU6CvQAK | M75: Section-B | N75: Osama Eliewa | O75: 1st | P75: North West | Q75: =IFERROR(VLOOKUP(E75,'SF Churn Data'!E:R,14,0),"")
A76: SA - RUH - Wadi | B76: Hot | C76: E | D76: a1L5G000004TzpkUAC | E76: K24 (Hot) - SA - RUH - Wadi | F76: Occupied | G76: 21.9 | H76: 2.4m | I76: 8349 | J76: 8350 | K76: 10050 | L76: 0065G00000nbKblQAE | M76: TAO | N76: Mohammed Alotaibi | O76: G | P76: North | Q76: =IFERROR(VLOOKUP(E76,'SF Churn Data'!E:R,14,0),"")
A77: SA - RUH - Qurtoba | B77: Hot | C77: F | D77: a1L5G000004TzqjUAC | E77: K11 (Hot) SA - RUH - Qurtoba | F77: Occupied | G77: 22 | H77: 2.4m | I77: 6090 | J77: 8550 | K77: 7350 | L77: 0066T00001844JJQAY | M77: Burger King SA | N77: Osama Eliewa | O77: G | P77: North East | Q77: =IFERROR(VLOOKUP(E77,'SF Churn Data'!E:R,14,0),"")
A78: SA - RUH - Khaleej | B78: Hot | C78: G | D78: a1L5G000004NSi8UAG | E78: K21 (Hot) - SA - RUH - Khaleej | F78: Occupied | G78: 28.95 | H78: 4.0m | I78: 4973 | J78: 7250 | K78: 6000 | L78: 0066T0000184tJ4QAI | M78: TAO - KLG | N78: Mohammed Alotaibi | O78: 1st | P78: East | Q78: =IFERROR(VLOOKUP(E78,'SF Churn Data'!E:R,14,0),"")
... A81: SA - RUH - Sweidi | B81: Hot | C81: C | D81: a1L5G000004TzjcUAC | E81: K02 (Hot) - SA - RUH - Sweidi | F81: Occupied | G81: 15.6 | H81: 3.0m | I81: 5700 | J81: 7450 | K81: 6600 | L81: 0066T000018bs7UQAQ | M81: TAO - SWD | N81: Mohammed Alotaibi | O81: GF | P81: South West | Q81: =IFERROR(VLOOKUP(E81,'SF Churn Data'!E:R,14,0),"")
A82: SA - KBR - Aqrabiya | B82: Cold | C82: Cold | D82: a1L5G000004NYILUA4 | E82: K23 (Cold) - SA - KBR - Aqrabiya | F82: Occupied | G82: 17.44 | H82: Cold | I82: 2490 | J82: 2900 | K82: 3000 | L82: 0066T000019ERjEQAW | M82: Mol10 KSA (Member Transfer) | N82: Osama Eliewa | O82: 2nd Floor | Q82: =IFERROR(VLOOKUP(E82,'SF Churn Data'!E:R,14,0),"")
A83: SA - RUH - Khaleej | B83: Cold | C83: Cold | D83: a1L5G000004NSi6UAG | E83: K19 (Cold) - SA - RUH - Khaleej | F83: Occupied | G83: 10.09 | H83: Cold | I83: 1652 | J83: 2400 | K83: 2050 | L83: 0066T000019FA3mQAG | M83: Diplomat - KHL | N83: Jad Hajjar | O83: 1st | P83: East | Q83: =IFERROR(VLOOKUP(E83,'SF Churn Data'!E:R,14,0),"")
A84: SA - RUH - Khaleej | B84: Hot | C84: B | D84: a1L5G000004NSiEUAW | E84: K27 (Hot) - SA - RUH - Khaleej | F84: Occupied | G84: 13.04 | H84: 2.4m | I84: 3113 | J84: 4550 | K84: 3800 | L84: 0066T000019GB3vQAG | M84: Cosmo Cafe - Khaleej - KSA | N84: Ahmed Alghamdi | O84: 1st | P84: East | Q84: =IFERROR(VLOOKUP(E84,'SF Churn Data'!E:R,14,0),"")
A85: SA - RUH - Aqiq | B85: Hot | C85: D | D85: a1L5G000004NsYcUAK | E85: K11 (Hot) - SA - RUH - Aqiq | F85: Occupied | G85: 19.46 | H85: 4.0m | I85: 6648 | J85: 9000 | K85: 8000 | L85: 0066T000019HDVhQAO | M85: Raed Startup | N85: Omar Joumaa | O85: 1st | P85: North West | Q85: =IFERROR(VLOOKUP(E85,'SF Churn Data'!E:R,14,0),"")
A86: SA - RUH - Aqiq | B86: Cold | C86: Cold | D86: a1L5G000004NsYTUA0 | E86: K18 (Cold) - SA - RUH - Aqiq | F86: Occupied | G86: 8.66 | H86: Cold | I86: 2885 | J86: 3900 | K86: 3500 | L86: 0066T00001A4pZpQAJ | M86: Muneera Aabdullah Startup | N86: Mohammed Alalyani | O86: 2nd | P86: North West | Q86: =IFERROR(VLOOKUP(E86,'SF Churn Data'!E:R,14,0),"")
A87: SA - RUH - Malga (2) | B87: Hot | C87: C | D87: a1L5G000004OE0PUAW | E87: K01 (Hot) - SA - RUH - Malga 2 | F87: Occupied | G87: 17.19 | H87: 3.0m | I87: 5494 | J87: 7700 | K87: 6600 | L87: 0066T00001A5klCQAR | M87: BIRD (MEMBER TRANSFER) | N87: Ihab Ghoussainy | O87: GF | P87: North West | Q87: =IFERROR(VLOOKUP(E87,'SF Churn Data'!E:R,14,0),"")
A88: SA - RUH - Malga (2) | B88: Cold | C88: Cold | D88: a1L5G000004OE0ZUAW | E88: K20 (Cold) - SA - RUH - Malga 2 | F88: Occupied | G88: 9.63 | H88: Cold | I88: 3194 | J88: 4500 | K88: 3850 | L88: 0066T00001AsHoJQAV | M88: Crunch Bakery Malga 2 | N88: Shiraz Ali | O88: 1st | P88: North West | Q88: =IFERROR(VLOOKUP(E88,'SF Churn Data'!E:R,14,0),"")
A89: SA - RUH - Malga (1) | B89: Hot | C89: F | D89: a1L5G000004NKhiUAG | E89: K05 (Hot) - SA - RUH - Malga 1 | F89: Occupied | G89: 22.9 | H89: 4.0m | I89: 6867 | J89: 9650 | K89: 8300 | L89: 0066T00001AsrQ5QAJ | M89: TAO - Malga (MEMBER TRANSFER) | N89: Mohammed Alotaibi | O89: GF | P89: North West | Q89: =IFERROR(VLOOKUP(E89,'SF Churn Data'!E:R,14,0),"")
A90: SA - RUH - King Fahd | B90: Hot | C90: E | D90: a1L5G000004NtPNUA0 | E90: K05 (Hot) - SA - RUH - King Fahd | F90: Occupied | G90: 20.7 | H90: 4.0m | I90: 6499 | J90: 7800 | K90: 7800 | L90: 0066T00001AuxztQAB | M90: Section-B (Member Transfer) | N90: Osama Eliewa | O90: GF | P90: Center | Q90: =IFERROR(VLOOKUP(E90,'SF Churn Data'!E:R,14,0),"")
A91: SA - RUH - Sweidi | B91: Hot | C91: C | D91: a1L5G000004TzkkUAC | E91: K14 (Hot) - SA - RUH - Sweidi | F91: Occupied | G91: 15 | H91: 3.0m | I91: 5150 | J91: 6700 | K91: 6000 | L91: 0066T00001BPrRZQA1 | M91: Dar Al Raeda- Sweidi | N91: Abir Salame | O91: Mez | P91: South West | Q91: =IFERROR(VLOOKUP(E91,'SF Churn Data'!E:R,14,0),"")
A92: SA - RUH - Aqiq | B92: Hot | C92: D | D92: a1L5G000004NsYnUAK | E92: K13 (Hot) - SA - RUH - Aqiq | F92: Occupied | G92: 19.6 | H92: 4.0m | I92: 6648 | J92: 9000 | K92: 8000 | L92: 0066T00001BSjcOQAT | M92: Lolivo - Aqiq KSA | N92: Ahmad Abdulkareem | O92: 1st | P92: North West | Q92: =IFERROR(VLOOKUP(E92,'SF Churn Data'!E:R,14,0),"")
A93: SA - DMM - Zuhur | B93: Hot | C93: X | D93: a1L5G000004NechUAC | E93: K14 (CPU) - SA - DMM - Zuhur | F93: Occupied | G93: 62.84 | H93: 4.0m | I93: 7150 | J93: 8600 | K93: 8600 | L93: 0066T00001BT9j8QAD | M93: Arabian Food - Zohor 2 | N93: Mussad Al-battah | O93: 1st Floor | Q93: =IFERROR(VLOOKUP(E93,'SF Churn Data'!E:R,14,0),"")
A94: SA - RUH - Wadi | B94: Hot | C94: E | D94: a1L5G000004TzpGUAS | E94: K18 (Hot) - SA - RUH - Wadi | F94: Occupied | G94: 20.8 | H94: 2.4m | I94: 7514 | J94: 7550 | K94: 9100 | L94: 0066T00001BTUCuQAP | M94: Section-B (Member Transfer) | N94: Osama Eliewa | O94: G | P94: North | Q94: =IFERROR(VLOOKUP(E94,'SF Churn Data'!E:R,14,0),"")
A95: SA - RUH - Malga (1) | B95: Cold | C95: Cold | D95: a1L5G000004NKhkUAG | E95: K07 (Cold) - SA - RUH - Malga 1 | F95: Occupied | G95: 10.4 | H95: Cold | I95: 3257 | J95: 4600 | K95: 4000 | L95: 0066T00001Be6onQAB | M95: Hamam Abdoh Grills - K7 - malga 1 - KSA | N95: Ahmed Alghamdi | O95: GF | P95: North West | Q95: =IFERROR(VLOOKUP(E95,'SF Churn Data'!E:R,14,0),"")
A96: SA - RUH - Malga (1) | B96: Hot | C96: D | D96: a1L5G000004NKhhUAG | E96: K04 (Hot) - SA - RUH - Malga 1 | F96: Occupied | G96: 17.6 | H96: 3.0m | I96: 6437 | J96: 9050 | K96: 7750 | L96: 0066T00001Be6p2QAB | M96: Hamam Abdoh Grills - K4 - malga 1 - KSA | N96: Ahmed Alghamdi | O96: GF | P96: North West | Q96: =IFERROR(VLOOKUP(E96,'SF Churn Data'!E:R,14,0),"")
A97: SA - KBR - Aqrabiya | B97: Hot | C97: F | D97: a1L5G000004NYHzUAO | E97: K01 (Hot) - SA - KBR - Aqrabiya | F97: Occupied | G97: 23.57 | H97: 3.0m | I97: 5490 | J97: 6350 | K97: 6600 | L97: 0066T00001BfcSZQAZ | M97: TAO - Aqrabiya | N97: Omar Joumaa | O97: GF | Q97: =IFERROR(VLOOKUP(E97,'SF Churn Data'!E:R,14,0),"")
A98: SA - DMM - Rawda | B98: Hot | C98: F | D98: a1L6T00000iJ1EGUA0 | E98: K02 (Hot) - SA - DMM - Rawda | F98: Occupied | G98: 22.54 | H98: 4.0m | I98: 4000 | J98: 4800 | K98: 4800 | L98: 0066T00001BfcU6QAJ | M98: Tao (DMM RWD) | N98: Yousif Almohammedali | O98: GF | Q98: =IFERROR(VLOOKUP(E98,'SF Churn Data'!E:R,14,0),"")
A99: SA - RUH - Jarir | B99: Hot | C99: F | D99: a1L6T00000jr3nTUAQ | E99: K13 (Hot) - SA - RUH - Jarir | F99: Occupied | G99: 22.59 | H99: 4.0m | I99: 5600 | J99: 5600 | K99: 6500 | L99: 0066T00001Bz180QAB | M99: TAO - jarir | N99: Ahmed Alghamdi | O99: 1st Floor | P99: South | Q99: =IFERROR(VLOOKUP(E99,'SF Churn Data'!E:R,14,0),"")
A100: SA - DMM - Rawda | B100: Hot | C100: D | D100: a1L6T00000iJ1E7UAK | E100: K10 (Hot) - SA - DMM - Rawda | F100: Occupied | G100: 18.81 | H100: 3.0m | I100: 3400 | J100: 4100 | K100: 4100 | L100: 0066T00001BzizMQAR | M100: Molten - Member Transfer | N100: Osama Eliewa | O100: GF | Q100: =IFERROR(VLOOKUP(E100,'SF Churn Data'!E:R,14,0),"")
A101: SA - RUH - Malga (1) | B101: Hot | C101: E | D101: a1L5G000004NKhnUAG | E101: K10 (Hot) - SA - RUH - Malga 1 | F101: Occupied | G101: 19.3 | H101: 3.0m | I101: 6437 | J101: 9050 | K101: 7750 | L101: 0066T00001CHTH7QAP | M101: Indian Palace - Indian Island - Samakatee | N101: Hamed Alrehaili | O101: 1st Floor | P101: North West | Q101: =IFERROR(VLOOKUP(E101,'SF Churn Data'!E:R,14,0),"")
A102: SA - RUH - Aqiq | B102: Cold | C102: Cold | D102: a1L5G000004NsYRUA0 | E102: K19 (Cold) - SA - RUH - Aqiq | F102: Occupied | G102: 9.22 | H102: Cold | I102: 2885 | J102: 3900 | K102: 3500 | L102: 0066T00001CHXrEQAX | M102: Soft Spot Desserts SA- | N102: Osama Eliewa | O102: 2nd | P102: North West | Q102: =IFERROR(VLOOKUP(E102,'SF Churn Data'!E:R,14,0),"")
A103: SA - RUH - Dahrat Laban | B103: Hot | C103: D | D103: a1L5G000004Tzm7UAC | E103: K09 (Hot) - SA - RUH - Dahrat Laban | F103: Occupied | G103: 17.2 | H103: 3.0m | I103: 5516 | J103: 5550 | K103: 6700 | L103: 0066T00001CsjWgQAJ | M103: Indian Island | N103: Hamed Alrehaili | O103: GF | P103: South West | Q103: =IFERROR(VLOOKUP(E103,'SF Churn Data'!E:R,14,0),"")
A104: SA - RUH - King Fahd | B104: Cold | C104: Cold | D104: a1L5G000004NtPXUA0 | E104: K09 (Cold) - SA - RUH - King Fahd | F104: Occupied | G104: 9.95 | H104: Cold | I104: 2838 | J104: 3450 | K104: 3450 | L104: 0066T00001Ct91EQAR | M104: Cref cookies | N104: Ahmad Abdulkareem | O104: GF | P104: Center | Q104: =IFERROR(VLOOKUP(E104,'SF Churn Data'!E:R,14,0),"")
A105: SA - RUH - Khaleej | B105: Cold | C105: Cold | D105: a1L6T00000iIryFUAS | E105: K14 (Cold) - SA - RUH - Khaleej | F105: Occupied | G105: 9 | H105: Cold | I105: 1652 | J105: 2400 | K105: 2050 | L105: 0066T00001CtK2vQAF | M105: Eye Wink Donut - KSA - KHALEEJ | N105: Omar Joumaa | O105: GF | P105: East | Q105: =IFERROR(VLOOKUP(E105,'SF Churn Data'!E:R,14,0),"")
A106: SA - RUH - Narjis | B106: Hot | C106: F | D106: a1L6T00000iJA2IUAW | E106: K08 (Hot) - SA - RUH - Narjis | F106: Occupied | G106: 23.06 | H106: 4.0m | I106: 8300 | J106: 9550 | K106: 10000 | L106: 0066T00001CtaGGQAZ | M106: Indian Island | N106: Hamed Alrehaili | O106: 1st | P106: North | Q106: =IFERROR(VLOOKUP(E106,'SF Churn Data'!E:R,14,0),"")
A107: SA - AHS - Hofuf | B107: Cold | C107: Cold | D107: a1L6T00000iJLZfUAO | E107: K08 (Cold)- KSA - AHS- Hofuf | F107: Occupied | G107: 10.55 | H107: N/A | I107: 1822.08 | J107: 1500 | K107: 3500 | L107: 0066T00001CtbF1QAJ | M107: avon cake | N107: Ahmad El-Basst | O107: GF | Q107: =IFERROR(VLOOKUP(E107,'SF Churn Data'!E:R,14,0),"")
A108: SA - RUH - Khaleej | B108: Hot | C108: D | D108: a1L5G000004NShzUAG | E108: K06 (Hot) - SA - RUH - Khaleej | F108: Occupied | G108: 18.24 | H108: 3.0m | I108: 3944 | J108: 5750 | K108: 4750 | L108: 0066T00001D6yzEQAR | M108: Section-B | N108: Osama Eliewa | O108: GF | P108: East | Q108: =IFERROR(VLOOKUP(E108,'SF Churn Data'!E:R,14,0),"")
A109: SA - QSM - Al Bishr | B109: CPU | C109: X | D109: a1L6T00000d2NFLUA2 | E109: K02 (CPU) - SA - RUH - QSM | F109: Occupied | G109: 45.97 | H109: 4.0m | I109: 4500 | J109: 3850 | K109: 5700 | L109: 0066T00001D6z16QAB | M109: TAO - Qassim 1 | N109: Omar Joumaa | O109: 1st | Q109: =IFERROR(VLOOKUP(E109,'SF Churn Data'!E:R,14,0),"")
A110: SA - RUH - Dahrat Laban | B110: Hot | C110: B | D110: a1L5G000004TzlxUAC | E110: K07 (Hot) - SA - RUH - Dahrat Laban | F110: Occupied | G110: 14.49 | H110: 2.4m | I110: 4666 | J110: 4700 | K110: 5650 | L110: 0066T00001EOEjNQAX | M110: Arabian Food Co. Dahrat Laban K17 | N110: Shiraz Ali | O110: GF | P110: South West | Q110: =IFERROR(VLOOKUP(E110,'SF Churn Data'!E:R,14,0),"")
A111: SA - RUH - Sweidi | B111: Cold | C111: Cold | D111: a1L5G000004TzlEUAS | E111: K02 (Cold) - SA - RUH - Sweidi | F111: Occupied | G111: 9 | H111: Cold | I111: 3100 | J111: 4050 | K111: 3600 | L111: 0066T00001EOEkaQAH | M111: Arabian Food Co - Swidi | N111: Mussad Al-battah | O111: GF | P111: South West | Q111: =IFERROR(VLOOKUP(E111,'SF Churn Data'!E:R,14,0),"")
A112: SA - RUH - King Fahd | B112: Hot | C112: B | D112: a1L5G000004NtPxUAK | E112: K18 (Hot) - SA - RUH - King Fahd | F112: Occupied | G112: 14.15 | H112: 2.4m | I112: 4851 | J112: 5850 | K112: 5900 | L112: 0066T00001EOEkpQAH | M112: TAO (KFD) | N112: Yousif Almohammedali | O112: 1st | P112: Center | Q112: =IFERROR(VLOOKUP(E112,'SF Churn Data'!E:R,14,0),"")
A113: SA - RUH - Wadi | B113: Hot | C113: H | D113: a1L5G000004Tzq4UAC | E113: K28 (Hot) - SA - RUH - Wadi | F113: Occupied | G113: 29.9 | H113: 4.0m | I113: 10857 | J113: 10900 | K113: 13100 | L113: 0066T00001EPCEIQA5 | M113: The Bakery & Company - Member Transfer | N113: Ahmed Alghamdi | O113: 1st | P113: North | Q113: =IFERROR(VLOOKUP(E113,'SF Churn Data'!E:R,14,0),"")
...

Sheet Sellable No Status
A1: Type | B1: Category | C1: Kitchen Number ID 18 | D1: Kitchen Number Name | E1: Status | F1: Kitchen Size (Sq. Meters) | G1: Hood Size | H1: Floor Price | I1: MSRP | J1: Activation Fee | K1: Opportunity ID 18 | L1: Opportunity Name | M1: Opportunity Owner: Full Name | N1: Floor | O1: Electric Load (kW) | P1: Gas Load (kW)
A2: CloudRetail | B2: B | C2: a1L5G000004NedAUAS | D2: K23 (Hot) - SA - DMM - Zuhur | F2: 14.28 | G2: 2.4m | H2: 3086 | I2: 3200 | J2: 3750 | N2: 1st Floor | O2: 40 Amps | P2: 37 mBar
A3: CPU | B3: X | C3: a1LVO000003qvTV2AY | D3: K22 (CPU) - SA - RUH - Aqiq | G3: NA | H3: 1666.66 | I3: 1666.66 | N3: GF
A4: Cold | B4: Cold | C4: a1L5G000004NsYYUA0 | D4: K09 (Cold) - SA - RUH - Aqiq (Deprecated) | F4: 11.16 | G4: Cold | H4: 2885 | I4: 3000 | J4: 3500 | N4: 1st | O4: 30 Amps | P4: N/A
A5: CloudRetail | B5: Cold | C5: a1L6T00000jr3ncUAA | D5: K16 (Cold) - SA - RUH - Jarir | F5: 10.11 | G5: N/A | H5: 1998.75 | I5: 2100 | J5: 2400 | N5: 1st Floor | O5: 30 Amps | P5: N/A
A6: Cold | B6: COLD | C6: a1L6T00000iJA28UAG | D6: K01 (Cold) - SA - RUH - Narjis | F6: 9.12 | G6: NA | H6: 3551 | I6: 3700 | J6: 4350 | N6: GF | O6: 30 Amps | P6: N/A
A7: Cold | B7: Cold | C7: a1L5G000004TzupUAC | D7: K01 (Cold) SA - RUH - Qurtoba (Deprecated) | F7: 11 | G7: Cold | H7: 3580 | I7: 3600 | J7: 4350 | N7: G | O7: 30 Amps | P7: N/A
A8: Cold | B8: Cold | C8: a1L6T00000jqkpGUAQ | D8: K16 (Cold) - SA - RUH - Salam (Deprecated) | F8: 8.11 | G8: Cold | H8: 2600 | I8: 2500 | J8: 3000 | N8: 1st | O8: 30 Amps | P8: N/A
A9: CloudRetail | B9: B | C9: a1L6T00000jqkp8UAA | D9: K02 (Hot) - SA - RUH - Salam | F9: 12.33 | G9: 2.4m | H9: 4650 | I9: 4800 | J9: 5400 | N9: GF | O9: 40 Amps | P9: 37 mBar
A10: Cold | B10: Cold | C10: a1L6T00000iJBYPUA4 | D10: K05 (Cold) - SA - RUH - Sulimaniyah (Deprecated) | F10: 12.8 | G10: NA | H10: 3100 | I10: 3200 | J10: 3750 | N10: 1st | O10: 30 Amps | P10: N/A

Sheet All no status kitchens
A1: Type | B1: Category | C1: Kitchen Number ID 18 | D1: Kitchen Number Name | E1: Status | F1: Kitchen Size (Sq. Meters) | G1: Hood Size | H1: Floor Price | I1: MSRP | J1: Activation Fee | K1: Opportunity ID 18 | L1: Opportunity Name | M1: Opportunity Owner: Full Name | N1: Floor | O1: Electric Load (kW) | P1: Gas Load (kW)
A2: CPU | B2: X | C2: a1LVO000003qvTV2AY | D2: K22 (CPU) - SA - RUH - Aqiq | G2: NA | H2: 1666.66 | I2: 1666.66 | N2: GF
A3: CloudRetail | B3: B | C3: a1L5G000004NedAUAS | D3: K23 (Hot) - SA - DMM - Zuhur | F3: 14.28 | G3: 2.4m | H3: 3086 | I3: 3200 | J3: 3750 | N3: 1st Floor | O3: 40 Amps | P3: 37 mBar
A4: Hot | B4: Cold | C4: a1LVO000004E6w52AC | D4: K04 (Cold) - SA - RUH - Arid (2) | F4: 10.62 | G4: Cold | H4: 5100 | N4: GF
A5: Cold | B5: COLD | C5: a1L6T00000iJA28UAG | D5: K01 (Cold) - SA - RUH - Narjis | F5: 9.12 | G5: NA | H5: 3551 | I5: 3700 | J5: 4350 | N5: GF | O5: 30 Amps | P5: N/A
A6: Hot | B6: C | C6: a1LVO000004E7H32AK | D6: K17 (Hot) - SA - RUH - Arid (2) | F6: 15.03 | G6: 2.4m | H6: 6400 | N6: 1st
A7: Hot Kitchen | B7: C | C7: a1LVO000002yMFp2AM | D7: K06 (Hot) - SA - MUR | F7: 15.04 | G7: 2.4m Hood | H7: 6430 | N7: 1st
A8: Hot Kitchen | B8: D | C8: a1LVO000002yMHR2A2 | D8: K07 (Hot) - SA - MUR | F8: 17.06 | G8: 3.0m Hood | H8: 6861 | N8: 1st
A9: Hot Kitchen | B9: C | C9: a1LVO000002yMJ32AM | D9: K08 (Hot) - SA - MUR | F9: 15.04 | G9: 2.4m Hood | H9: 6430 | N9: 1st
A10: Hot Kitchen | B10: C | C10: a1LVO000002yMAz2AM | D10: K03 (Hot) - SA - MUR | F10: 15.15 | G10: 2.4m Hood | H10: 6430 | N10: 1st
A11: Hot Kitchen | B11: D | C11: a1LVO000002yMCb2AM | D11: K04 (Hot) - SA - MUR | F11: 17.06 | G11: 3.0m Hood | H11: 6861 | N11: 1st
A12: Hot Kitchen | B12: C | C12: a1LVO000002yMED2A2 | D12: K05 (Hot) - SA - MUR | F12: 15.04 | G12: 2.4m Hood | H12: 6430 | N12: 1st
A13: Hot Kitchen | B13: E | C13: a1LVO000002yM9N2AU | D13: K02 (Hot) - SA - MUR | F13: 19.04 | G13: 3.0m Hood | H13: 7300 | N13: 1st
A14: Hot Kitchen | B14: E | C14: a1LVO000002yM7l2AE | D14: K01 (Hot) - SA - MUR | F14: 19.04 | G14: 3.0m Hood | H14: 7300 | N14: 1st
A15: Hot Kitchen | B15: C | C15: a1LVO000002yMfd2AE | D15: K23 (Hot) - SA - MUR | F15: 15.03 | G15: 2.4m Hood | H15: 6430 | N15: 2nd
A16: Hot Kitchen | B16: E | C16: a1LVO000002yMhF2AU | D16: K22 (Hot) - SA - MUR | F16: 19.15 | G16: 3.0m Hood | H16: 7300 | N16: 2nd
A17: Hot Kitchen | B17: C | C17: a1LVO000002yMcP2AU | D17: K21 (Hot) - SA - MUR | F17: 15.03 | G17: 2.4m Hood | H17: 6430 | N17: 2nd
A18: CloudRetail | B18: B | C18: a1L6T00000jqkp8UAA | D18: K02 (Hot) - SA - RUH - Salam | F18: 12.33 | G18: 2.4m | H18: 4650 | I18: 4800 | J18: 5400 | N18: GF | O18: 40 Amps | P18: 37 mBar
A19: Hot Kitchen | B19: E | C19: a1LVO000002yMe12AE | D19: K20 (Hot) - SA - MUR | F19: 19.04 | G19: 3.0m Hood | H19: 7300 | N19: 2nd
A20: Hot Kitchen | B20: E | C20: a1LVO000002yMan2AE | D20: K18 (Hot) - SA - MUR | F20: 19.04 | G20: 3.0m Hood | H20: 7300 | N20: 2nd
A21: Hot Kitchen | B21: D | C21: a1LVO000002yMVx2AM | D21: K16 (Hot) - SA - MUR | F21: 17.06 | G21: 3.0m Hood | H21: 6861 | N21: 1st
A22: Hot Kitchen | B22: C | C22: a1LVO000002yMXZ2A2 | D22: K17 (Hot) - SA - MUR | F22: 15.03 | G22: 2.4m Hood | H22: 6430 | N22: 2nd
A23: Hot Kitchen | B23: C | C23: a1LVO000002yMZB2A2 | D23: K19 (Hot) - SA - MUR | F23: 15.03 | G23: 2.4m Hood | H23: 6430 | N23: 2nd
A24: Hot Kitchen | B24: C | C24: a1LVO000002yMSj2AM | D24: K14 (Hot) - SA - MUR | F24: 15.04 | G24: 2.4m Hood | H24: 6430 | N24: 1st
A25: Hot Kitchen | B25: D | C25: a1LVO000002yMUL2A2 | D25: K15 (Hot) - SA - MUR | F25: 17.06 | G25: 3.0m Hood | H25: 6861 | N25: 1st
A26: Hot Kitchen | B26: D | C26: a1LVO000002yMNt2AM | D26: K11 (Hot) - SA - MUR | F26: 17.06 | G26: 3.0m Hood | H26: 6861 | N26: 1st
A27: Hot Kitchen | B27: C | C27: a1LVO000002yMPV2A2 | D27: K12 (Hot) - SA - MUR | F27: 15.04 | G27: 2.4m Hood | H27: 6430 | N27: 1st
A28: Hot Kitchen | B28: D | C28: a1LVO000002yMR72AM | D28: K13 (Hot) - SA - MUR | F28: 17.06 | G28: 3.0m Hood | H28: 6861 | N28: 1st
A29: Hot Kitchen | B29: D | C29: a1LVO000002yMKf2AM | D29: K09 (Hot) - SA - MUR | F29: 17.06 | G29: 3.0m Hood | H29: 6861 | N29: 1st
A30: Hot Kitchen | B30: C | C30: a1LVO000002yMMH2A2 | D30: K10 (Hot) - SA - MUR | F30: 15.04 | G30: 2.4m Hood | H30: 6430 | N30: 1st
A31: CloudRetail | B31: Cold | C31: a1L5G000004O0LgUAK | D31: K07 (Cold) - SA - RUH - Sweidi | F31: 6.2 | G31: Cold | H31: 3100 | I31: 3200 | J31: 3600 | N31: Mez | O31: 30 Amps | P31: N/A
A32: Hot | B32: A | C32: a1L5G000004NKhtUAG | D32: K16 (Hot) - SA - RUH - Malga 1 | F32: 11.9 | G32: 2.0m | H32: 5148 | I32: 5350 | J32: 6200 | N32: 1st Floor | O32: 40 Amps | P32: 37 mBar
A33: Hot | B33: C | C33: a1L5G000004NKhvUAG | D33: K18 (Hot) - SA - RUH - Malga 1 | F33: 16.9 | G33: 3.0m | H33: 6437 | I33: 6450 | J33: 7750 | N33: 1st Floor | O33: 40 Amps | P33: 37 mBar
A34: Hot | B34: C | C34: a1L5G000004NKhwUAG | D34: K19 (Hot) - SA - RUH - Malga 1 | F34: 16 | G34: 2.4m | H34: 6008 | I34: 6200 | J34: 7300 | N34: 1st Floor | O34: 40 Amps | P34: 37 mBar
A35: Hot | B35: A | C35: a1L5G000004NKhlUAG | D35: K08 (Hot) - SA - RUH - Malga 1 | F35: 11.3 | G35: 2.0m | H35: 5148 | I35: 5350 | J35: 6200 | N35: GF | O35: 40 Amps | P35: 37 mBar
A36: CloudRetail | B36: Cold | C36: a1L6T00000jr3ncUAA | D36: K16 (Cold) - SA - RUH - Jarir | F36: 10.11 | G36: N/A | H36: 1998.75 | I36: 2100 | J36: 2400 | N36: 1st Floor | O36: 30 Amps | P36: N/A

Sheet LF Comp
A1: Account Name | B1: Type | C1: Category | D1: Kitchen Number ID 18 | E1: Kitchen Number Name | F1: Status | G1: Kitchen Size (Sq. Meters) | H1: Hood Size | I1: Floor Price | J1: Sell Price | K1: Activation Fee | L1: Opportunity ID 18 | M1: Opportunity Name | N1: Opportunity Owner: Full Name | O1: Floor | P1: County | Q1: Monthly License Fee
A2: SA - JED - Rehab | B2: Hot | C2: F | D2: a1L6T00000iJ1DzUAK | E2: K20 (Hot) - SA - JED - Rehab | G2: 23.02 | H2: 4.0m | I2: 5750 | J2: 5750 | K2: 7400 | L2: 0066T00001AsymIQAR | M2: Delivery Hero - K20 (Hot) - SA - JED - Rehab | N2: Jad Hajjar | O2: 1st | Q2: 5569
A3: SA - JED - Rehab | B3: Hot | C3: D | D3: a1L6T00000iJ1DyUAK | E3: K19 (Hot) - SA - JED - Rehab | G3: 18.63 | H3: 3.0m | I3: 4800 | J3: 4800 | K3: 6100 | L3: 0066T00001AsymmQAB | M3: Delivery Hero - K19 (Hot) - SA - JED - Rehab | N3: Jad Hajjar | O3: 1st | Q3: 4643
A4: SA - RUH - Aqiq | B4: CPU | C4: X | D4: a1LVO000003qvTV2AY | E4: K22 (CPU) - SA - RUH - Aqiq | H4: NA | I4: 1666.66 | J4: 2250 | O4: GF | P4: North West
A5: SA - JED - Safa | B5: Hot | C5: Cold | D5: a1L5G000004NcycUAC | E5: K31 (Hot) - SA - SAF | G5: 14.37 | H5: N/A | J5: 0 | K5: 2450 | O5: 2nd
A6: SA - JED - Safa | B6: Hot | C6: D | D6: a1L5G000004NcybUAC | E6: K30 (Hot) - SA - SAF | G6: 18 | H6: 3.0m | J6: 0 | K6: 6250 | O6: 2nd
A7: SA - JED - Safa | B7: Cold | C7: Cold | D7: a1L5G000004NcyeUAC | E7: K33 (Cold) - SA - SAF | G7: 12.62 | H7: N/A | J7: 0 | K7: 2450 | O7: 2nd
A8: SA - JED - Safa | B8: Cold | C8: Cold | D8: a1L5G000004NcydUAC | E8: K32 (Cold) - SA - SAF | G8: 12.6 | H8: N/A | J8: 0 | K8: 2450 | O8: 2nd
A9: SA - JED - Safa | B9: Hot | C9: B | D9: a1L5G000004NcygUAC | E9: K35 (Hot) - SA - SAF | G9: 13.51 | H9: 2.4m | J9: 0 | K9: 5300 | O9: 2nd
A10: SA - JED - Safa | B10: Cold | C10: B | D10: a1L5G000004NcyfUAC | E10: K34 (Cold) - SA - SAF | G10: 13.49 | H10: 2.4m | J10: 0 | K10: 5300 | O10: 2nd
A11: SA - JED - Safa | B11: Hot | C11: D | D11: a1L5G000004NcyhUAC | E11: K36 (Hot) - SA - SAF | G11: 19.49 | H11: 3.0m | J11: 0 | K11: 6250 | O11: 2nd
A12: SA - RUH - Arid (2) | B12: Hot | C12: D | D12: a1LVO000004E6sr2AC | E12: K02 (Hot) - SA - RUH - Arid (2) | G12: 17.05 | H12: 3.0m | I12: 6800 | J12: 8200 | O12: GF | P12: North
A13: SA - RUH - Arid (2) | B13: Hot | C13: Cold | D13: a1LVO000004E6w52AC | E13: K04 (Cold) - SA - RUH - Arid (2) | G13: 10.62 | H13: Cold | I13: 5100 | J13: 6150 | O13: GF | P13: North
A14: SA - RUH - Arid (2) | B14: Hot | C14: C | D14: a1LVO000004E7H32AK | E14: K17 (Hot) - SA - RUH - Arid (2) | G14: 15.03 | H14: 2.4m | I14: 6400 | J14: 7700 | O14: 1st | P14: North
A15: SA - RUH - Mursalat | B15: Hot Kitchen | C15: C | D15: a1LVO000002yMFp2AM | E15: K06 (Hot) - SA - MUR | G15: 15.04 | H15: 2.4m Hood | I15: 6430 | J15: 6450 | O15: 1st | P15: Center
A16: SA - RUH - Mursalat | B16: Hot Kitchen | C16: D | D16: a1LVO000002yMHR2A2 | E16: K07 (Hot) - SA - MUR | G16: 17.06 | H16: 3.0m Hood | I16: 6861 | J16: 6900 | O16: 1st | P16: Center
A17: SA - RUH - Mursalat | B17: Hot Kitchen | C17: C | D17: a1LVO000002yMJ32AM | E17: K08 (Hot) - SA - MUR | G17: 15.04 | H17: 2.4m Hood | I17: 6430 | J17: 6450 | O17: 1st | P17: Center
A18: SA - RUH - Mursalat | B18: Hot Kitchen | C18: C | D18: a1LVO000002yMAz2AM | E18: K03 (Hot) - SA - MUR | G18: 15.15 | H18: 2.4m Hood | I18: 6430 | J18: 6450 | O18: 1st | P18: Center
A19: SA - RUH - Mursalat | B19: Hot Kitchen | C19: D | D19: a1LVO000002yMCb2AM | E19: K04 (Hot) - SA - MUR | G19: 17.06 | H19: 3.0m Hood | I19: 6861 | J19: 6900 | O19: 1st | P19: Center
A20: SA - RUH - Mursalat | B20: Hot Kitchen | C20: C | D20: a1LVO000002yMED2A2 | E20: K05 (Hot) - SA - MUR | G20: 15.04 | H20: 2.4m Hood | I20: 6430 | J20: 6450 | O20: 1st | P20: Center
A21: SA - RUH - Mursalat | B21: Hot Kitchen | C21: E | D21: a1LVO000002yM9N2AU | E21: K02 (Hot) - SA - MUR | G21: 19.04 | H21: 3.0m Hood | I21: 7300 | J21: 7300 | O21: 1st | P21: Center
A22: SA - RUH - Mursalat | B22: Hot Kitchen | C22: E | D22: a1LVO000002yM7l2AE | E22: K01 (Hot) - SA - MUR | G22: 19.04 | H22: 3.0m Hood | I22: 7300 | J22: 7300 | O22: 1st | P22: Center
A23: SA - RUH - Mursalat | B23: Hot Kitchen | C23: C | D23: a1LVO000002yMfd2AE | E23: K23 (Hot) - SA - MUR | G23: 15.03 | H23: 2.4m Hood | I23: 6430 | J23: 6450 | O23: 2nd | P23: Center
... A37: SA - RUH - Mursalat | B37: Hot Kitchen | C37: C | D37: a1LVO000002yMMH2A2 | E37: K10 (Hot) - SA - MUR | G37: 15.04 | H37: 2.4m Hood | I37: 6430 | J37: 6450 | O37: 1st | P37: Center
A38: SA - RUH - Malga (1) | B38: Hot | C38: A | D38: a1L5G000004NKhtUAG | E38: K16 (Hot) - SA - RUH - Malga 1 | G38: 11.9 | H38: 2.0m | I38: 5148 | J38: 7250 | K38: 6200 | O38: 1st Floor | P38: North West
A39: SA - RUH - Malga (1) | B39: Hot | C39: C | D39: a1L5G000004NKhvUAG | E39: K18 (Hot) - SA - RUH - Malga 1 | G39: 16.9 | H39: 3.0m | I39: 6437 | J39: 9050 | K39: 7750 | O39: 1st Floor | P39: North West
A40: SA - RUH - Malga (1) | B40: Hot | C40: C | D40: a1L5G000004NKhwUAG | E40: K19 (Hot) - SA - RUH - Malga 1 | G40: 16 | H40: 2.4m | I40: 6008 | J40: 8450 | K40: 7300 | O40: 1st Floor | P40: North West
A41: SA - RUH - Malga (1) | B41: Hot | C41: A | D41: a1L5G000004NKhlUAG | E41: K08 (Hot) - SA - RUH - Malga 1 | G41: 11.3 | H41: 2.0m | I41: 5148 | J41: 7250 | K41: 6200 | O41: GF | P41: North West
A42: SA - QSM - Al Bishr | B42: Hot | C42: E | D42: a1L6T00000d2MvuUAE | E42: K13 (Hot) - SA - RUH - QSM | F42: Churning | G42: 21.06 | H42: 3.0m | I42: 3229 | J42: 2750 | K42: 3900 | L42: 006VO00000TRgP3YAL | M42: Samoli Ep | N42: Riyad Ali | O42: 2nd | Q42: 2300
A43: SA - RUH - Khaleej | B43: Cold | C43: Cold | D43: a1L5G000004NSi2UAG | E43: K09 (Cold) - SA - RUH - Khaleej | F43: Churning | G43: 8.85 | H43: Cold | I43: 1652 | J43: 2400 | K43: 2050 | L43: 006VO00000VwQDBYA3 | M43: Al Ghalia Company - CAFÉ LILOU - KHJ | N43: Yousif Almohammedali | O43: GF | P43: East | Q43: 1900
A44: SA - RUH - Dahrat Laban | B44: Hot | C44: D | D44: a1L5G000004TzmlUAC | E44: K18 (Hot) - SA - RUH - Dahrat Laban | F44: Churning | G44: 18.75 | H44: 3.0m | I44: 5516 | J44: 5550 | K44: 6700 | L44: 006VO00000bLFupYAG | M44: Maqloba - KSA | N44: Osama Eliewa | O44: Mez | P44: South West | Q44: 6150
A45: SA - RUH - Khaleej | B45: Hot | C45: D | D45: a1L5G000004NSiAUAW | E45: K23 (Hot) - SA - RUH - Khaleej | F45: Churning | G45: 18.21 | H45: 3.0m | I45: 3944 | J45: 5750 | K45: 4750 | L45: 006VO00000biAPmYAM | M45: chicken worx | N45: Riyad Ali | O45: 1st | P45: East | Q45: 5150
A46: SA - DMM - Rawda | B46: Hot | C46: B | D46: a1L6T00000iJ1ETUA0 | E46: K21 (Hot) - SA - DMM - Rawda | F46: Churning | G46: 13.5 | H46: 2.4m | I46: 2800 | J46: 3400 | K46: 3250 | L46: 006VO00000bogI6YAI | M46: Shawayet Hasan -KSA | N46: Abdelrahman Matar | O46: 1st | Q46: 3450
A47: SA - RUH - Dahrat Laban | B47: Hot | C47: B | D47: a1L5G000004TzipUAC | E47: K17 (Hot) - SA - RUH - Dahrat Laban | F47: Churning | G47: 14.54 | H47: 2.4m | I47: 4666 | J47: 4700 | K47: 5650 | O47: Mez | P47: South West
A48: SA - RUH - Sweidi | B48: Hot | C48: D | D48: a1L5G000004TzkQUAS | E48: K10 (Hot) - SA - RUH - Sweidi | F48: Churning | G48: 17.9 | H48: 3.0m | I48: 6200 | J48: 8100 | K48: 7200 | O48: GF | P48: South West
A49: SA - RUH - Sweidi | B49: Hot | C49: D | D49: a1L5G000004TzkLUAS | E49: K09 (Hot) - SA - RUH - Sweidi | F49: Churning | G49: 17.9 | H49: 3.0m | I49: 6200 | J49: 8100 | K49: 7200 | O49: GF | P49: South West
A50: SA - RUH - Olaya | B50: Cold | C50: Cold | D50: a1L5G000004TzjhUAC | E50: K03 (Cold) - SA - RUH - Olaya | F50: Churning | G50: 7.1 | H50: Cold | I50: 4215 | J50: 4650 | K50: 5100 | O50: 1st | P50: Center
A51: SA - RUH - Wadi | B51: Hot | C51: E | D51: a1L5G000004TzpbUAC | E51: K45 (Hot) - SA - RUH - Wadi | F51: Churning | G51: 20.8 | H51: 2.4m | I51: 7514 | J51: 7550 | K51: 9100 | O51: 1st | P51: North
A52: SA - RUH - Wadi | B52: Hot | C52: D | D52: a1L5G000004TzqxUAC | E52: K40 (Hot) - SA - RUH - Wadi | F52: Churning | G52: 17.6 | H52: 2.4m | I52: 7096 | J52: 7100 | K52: 8550 | O52: 1st | P52: North
A53: SA - RUH - Qurtoba | B53: Hot | C53: F | D53: a1L5G000004TzsUUAS | E53: K12 (Hot) SA - RUH - Qurtoba | F53: Churning | G53: 22 | H53: 2.4m | I53: 6090 | J53: 8550 | K53: 7350 | O53: G | P53: North East
A54: SA - RUH - Wadi | B54: Cold | C54: Cold | D54: a1L5G000004TzrbUAC | E54: K01 (Cold) - SA - RUH - Wadi | F54: Churning | G54: 11 | H54: Cold | I54: 4171 | J54: 4200 | K54: 5050 | O54: G | P54: North
A55: SA - RUH - Dahrat Laban | B55: Hot | C55: D | D55: a1L5G000004Tzn5UAC | E55: K23 (Hot) - SA - RUH - Dahrat Laban | F55: Churning | G55: 18.11 | H55: 3.0m | I55: 5516 | J55: 5550 | K55: 6700 | O55: Mez | P55: South West
A56: SA - RUH - Dahrat Laban | B56: Hot | C56: D | D56: a1L5G000004TznPUAS | E56: K27 (Hot) - SA - RUH - Dahrat Laban | F56: Churning | G56: 18.12 | H56: 3.0m | I56: 5516 | J56: 5550 | K56: 6700 | O56: Mez | P56: South West
A57: SA - DMM - Zuhur | B57: Hot | C57: G | D57: a1L5G000004NecqUAC | E57: K22 (Hot) - SA - DMM - Zuhur | F57: Churning | G57: 24.71 | H57: 4.0m | I57: 4750 | J57: 5700 | K57: 5700 | O57: 1st Floor
A58: SA - RUH - Arid (2) | B58: Hot | C58: D | D58: a1LVO000004E6rF2AS | E58: K01 (Hot) - SA - RUH - Arid (2) | F58: Churning | G58: 17.12 | H58: 3.0m | I58: 6800 | J58: 8200 | O58: GF | P58: North
A59: SA - RUH - Narjis | B59: Hot | C59: F | D59: a1L6T00000iJA2CUAW | E59: K09 (Hot) - SA - RUH - Narjis | F59: Churning | G59: 23.49 | H59: 4.0m | I59: 8300 | J59: 9550 | K59: 10000 | O59: 1st | P59: North
A60: SA - KBR - Aqrabiya | B60: Hot | C60: C | D60: a1L5G000004NYIEUA4 | E60: K16 (Hot) - SA - KBR - Aqrabiya | F60: Churning | G60: 15.43 | H60: 2.4m | I60: 4250 | J60: 4900 | K60: 5100 | O60: 1st Floor
A61: SA - KBR - Aqrabiya | B61: Hot | C61: C | D61: a1L5G000004NYIDUA4 | E61: K15 (Hot) - SA - KBR - Aqrabiya | F61: Churning | G61: 15.67 | H61: 2.4m | I61: 4250 | J61: 4900 | K61: 5100 | O61: 1st Floor
A62: SA - KBR - Aqrabiya | B62: Hot | C62: C | D62: a1L5G000004NYI6UAO | E62: K08 (Hot) - SA - KBR - Aqrabiya | F62: Churning | G62: 15.13 | H62: 2.4m | I62: 4250 | J62: 4900 | K62: 5100 | O62: GF
A63: SA - RUH - Salam | B63: Hot | C63: F | D63: a1L6T00000jqkpMUAQ | E63: K03 (Hot) - SA - RUH - Salam | F63: Churning | G63: 19.54 | H63: 4.0m | I63: 5700 | J63: 7150 | K63: 6600 | O63: GF | P63: South East
A64: SA - RUH - Wadi | B64: Cold | C64: Cold | D64: a1L5G000004NGZOUA4 | E64: K04 (Cold) - SA - RUH - Wadi | F64: Churning | G64: 8.8 | H64: Cold | I64: 4171 | J64: 4200 | K64: 5050 | O64: 1st | P64: North
A65: SA - RUH - Yasmin | B65: Hot | C65: E | D65: a1L6T00000iJdvYUAS | E65: K06 (Hot) - SA - RUH - Yasmin | F65: Churning | G65: 19.54 | H65: 3.0m | I65: 6600 | J65: 8600 | O65: 1st | P65: North
A66: SA - RUH - Malga (1) | B66: Cold | C66: Cold | D66: a1L5G000004NKhqUAG | E66: K13 (Cold) - SA - RUH - Malga 1 | F66: Churning | G66: 10 | H66: Cold | I66: 3257 | J66: 4600 | K66: 4000 | O66: 1st Floor | P66: North West
A67: SA - RUH - Malga (1) | B67: Hot | C67: D | D67: a1L5G000004NKhsUAG | E67: K15 (Hot) - SA - RUH - Malga 1 | F67: Churning | G67: 18.8 | H67: 3.0m | I67: 6437 | J67: 9050 | K67: 7750 | O67: 1st Floor | P67: North West
A68: SA - DMM - Rawda | B68: Hot | C68: E | D68: a1L6T00000iJ1EAUA0 | E68: K01 (Hot) - SA - DMM - Rawda | F68: Churning | G68: 21.29 | H68: 3.0m | I68: 3950 | J68: 4750 | K68: 4600 | O68: GF
A69: SA - DMM - Rawda | B69: Hot | C69: F | D69: a1L6T00000iJ1EBUA0 | E69: K04 (Hot) - SA - DMM - Rawda | F69: Churning | G69: 22.04 | H69: 4.0m | I69: 4150 | J69: 5000 | K69: 4800 | O69: GF
A70: SA - DMM - Rawda | B70: Hot | C70: C | D70: a1L6T00000iJ1ECUA0 | E70: K15 (Hot) - SA - DMM - Rawda | F70: Churning | G70: 16.45 | H70: 2.4m | I70: 3050 | J70: 3700 | K70: 3700 | O70: 1st
A71: SA - DMM - Rawda | B71: Hot | C71: E | D71: a1L6T00000iJ1EDUA0 | E71: K17 (Hot) - SA - DMM - Rawda | F71: Churning | G71: 19.62 | H71: 3.0m | I71: 3950 | J71: 4750 | K71: 4600 | O71: 1st
A72: SA - DMM - Zuhur | B72: Hot | C72: G | D72: a1L6T00000kcQBKUA2 | E72: K02 (Hot) - SA - DMM - Zuhur | F72: Churning | G72: 24.53 | H72: 4.0m | I72: 4750 | J72: 5700 | K72: 5950 | O72: GF
A73: SA - RUH - King Faisal | B73: Cold | C73: Cold | D73: a1LVO000004WfDq2AK | E73: K10 (Cold) - SA - RUH - King Faisal | F73: Churning | G73: 10.71 | H73: N/A | I73: 1706 | J73: 2250 | O73: GF | P73: East
A74: SA - RUH - King Faisal | B74: Hot | C74: B | D74: a1LVO000004WfDp2AK | E74: K09 (Hot) - SA - RUH - King Faisal | F74: Churning | G74: 13.5 | H74: 2.4m hood | I74: 3199 | J74: 4200 | O74: GF | P74: East
A75: SA - RUH - Malga (2) | B75: Hot | C75: B | D75: a1L5G000004OE0BUAW | E75: K04 (Hot) - SA - RUH - Malga 2 | F75: Churning | G75: 11.84 | H75: 2.4m | I75: 4684 | J75: 6600 | K75: 5650 | O75: GF | P75: North West
A76: SA - RUH - King Fahd | B76: Hot | C76: E | D76: a1L5G000004NtR9UAK | E76: K23 (Hot) - SA - RUH - King Fahd | F76: Churning | G76: 19.8 | H76: 4.0m | I76: 6499 | J76: 7800 | K76: 7800 | O76: 1st | P76: Center
A77: SA - RUH - King Fahd | B77: Hot | C77: D | D77: a1L5G000004NtRTUA0 | E77: K01 (Hot) - SA - RUH - King Fahd | F77: Churning | G77: 17.59 | H77: 3.0m | I77: 5767 | J77: 6950 | K77: 7000 | O77: GF | P77: Center
A78: SA - QSM - Al Bishr | B78: Cold | C78: Cold | D78: a1L6T00000d2MvBUAU | E78: K04 (Cold) - SA - RUH - QSM | F78: Churning | G78: 9.42 | H78: Cold | I78: 1995 | J78: 1700 | K78: 3300 | O78: 1st
A79: SA - RUH - Jarir | B79: Hot | C79: G | D79: a1L6T00000jr3nSUAQ | E79: K12 (Hot) - SA - RUH - Jarir | F79: Churning | G79: 25.32 | H79: 4.0m | I79: 6050 | J79: 4850 | K79: 7050 | O79: 1st Floor | P79: South
A80: SA - RUH - Sweidi | B80: Hot | C80: B | D80: a1L5G000004Tzk1UAC | E80: K05 (Hot) - SA - RUH - Sweidi | F80: Occupied | G80: 13.5 | H80: 2.4m | I80: 4150 | J80: 5400 | K80: 4800 | L80: 0065G00000aCkVTQA0 | M80: Logimat Mama Noura KSA - 4 | N80: Omar Joumaa | O80: GF | P80: South West | Q80: 3990
A81: SA - RUH - Sweidi | B81: Hot | C81: B | D81: a1L5G000004TzkBUAS | E81: K07 (Hot) - SA - RUH - Sweidi | F81: Occupied | G81: 14 | H81: 2.4m | I81: 4650 | J81: 6050 | K81: 5400 | L81: 0065G00000aCkVdQAK | M81: Logimat Mama Noura KSA - 5 | N81: Omar Joumaa | O81: GF | P81: South West | Q81: 4490
A82: SA - RUH - Wadi | B82: Hot | C82: F | D82: a1L5G000004TzpfUAC | E82: K23 (Hot) - SA - RUH - Wadi | F82: Occupied | G82: 22.2 | H82: 2.4m | I82: 8349 | J82: 8350 | K82: 10050 | L82: 0065G00000dMtwTQAS | M82: Burger King SA | N82: Osama Eliewa | O82: G | P82: North | Q82: 9990
A83: SA - RUH - Sweidi | B83: Cold | C83: Cold | D83: a1L5G000004TzlTUAS | E83: K04 (Cold) - SA - RUH - Sweidi | F83: Occupied | G83: 9 | H83: Cold | I83: 3100 | J83: 4050 | K83: 3600 | L83: 0065G00000dOim7QAC | M83: Eat ha | N83: Ahmed Alghamdi | O83: Mez | P83: South West | Q83: 3150
A84: SA - RUH - Malga (1) | B84: Cold | C84: Cold | D84: a1L5G000004NSfYUAW | E84: K21 (Cold) - SA - RUH - Malga 1 | F84: Occupied | G84: 10.3 | H84: Cold | I84: 3257 | J84: 4600 | K84: 4000 | L84: 0065G00000dOswMQAS | M84: Quizno's Sub - Malga | N84: Jad Hajjar | O84: 2nd Floor | P84: North West | Q84: 3990
A85: SA - RUH - Khaleej | B85: Cold | C85: Cold | D85: a1L5G000004NShrUAG | E85: K12 (Cold) - SA - RUH - Khaleej | F85: Occupied | G85: 9.3 | H85: Cold | I85: 1652 | J85: 2400 | K85: 2050 | L85: 0065G00000j3SK4QAM | M85: Cookies n Cream Khaleej | N85: Shiraz Ali | O85: GF | P85: East | Q85: 2049
A86: SA - RUH - Sweidi | B86: Hot | C86: C | D86: a1L5G000004TzjmUAC | E86: K03 (Hot) - SA - RUH - Sweidi | F86: Occupied | G86: 16.2 | H86: 3.0m | I86: 5700 | J86: 7450 | K86: 6600 | L86: 0065G00000j4E5KQAU | M86: Burger King SA | N86: Osama Eliewa | O86: GF | P86: South West | Q86: 5750
A87: SA - RUH - Olaya | B87: Hot | C87: C | D87: a1L5G000004TzijUAC | E87: K11 (Hot) - SA - RUH - Olaya | F87: Occupied | G87: 16.4 | H87: 2.4m | I87: 8592 | J87: 9500 | K87: 10350 | L87: 0065G00000j6v2FQAQ | M87: Cosmo Cafe - Olaya - KSA | N87: Ahmed Alghamdi | O87: 1st | P87: Center | Q87: 10597
A88: SA - RUH - Malga (2) | B88: Hot | C88: D | D88: a1L5G000004OE0KUAW | E88: K13 (Hot) - SA - RUH - Malga 2 | F88: Occupied | G88: 18.64 | H88: 3.0m | I88: 6345 | J88: 8900 | K88: 7650 | L88: 0065G00000mU6CvQAK | M88: Section-B | N88: Osama Eliewa | O88: 1st | P88: North West | Q88: 6650
A89: SA - RUH - Wadi | B89: Hot | C89: E | D89: a1L5G000004TzpkUAC | E89: K24 (Hot) - SA - RUH - Wadi | F89: Occupied | G89: 21.9 | H89: 2.4m | I89: 8349 | J89: 8350 | K89: 10050 | L89: 0065G00000nbKblQAE | M89: TAO | N89: Mohammed Alotaibi | O89: G | P89: North | Q89: 8400
A90: SA - RUH - Qurtoba | B90: Hot | C90: F | D90: a1L5G000004TzqjUAC | E90: K11 (Hot) SA - RUH - Qurtoba | F90: Occupied | G90: 22 | H90: 2.4m | I90: 6090 | J90: 8550 | K90: 7350 | L90: 0066T00001844JJQAY | M90: Burger King SA | N90: Osama Eliewa | O90: G | P90: North East | Q90: 9006
A91: SA - RUH - Khaleej | B91: Hot | C91: G | D91: a1L5G000004NSi8UAG | E91: K21 (Hot) - SA - RUH - Khaleej | F91: Occupied | G91: 28.95 | H91: 4.0m | I91: 4973 | J91: 7250 | K91: 6000 | L91: 0066T0000184tJ4QAI | M91: TAO - KLG | N91: Mohammed Alotaibi | O91: 1st | P91: East | Q91: 7200
... A94: SA - RUH - Sweidi | B94: Hot | C94: C | D94: a1L5G000004TzjcUAC | E94: K02 (Hot) - SA - RUH - Sweidi | F94: Occupied | G94: 15.6 | H94: 3.0m | I94: 5700 | J94: 7450 | K94: 6600 | L94: 0066T000018bs7UQAQ | M94: TAO - SWD | N94: Mohammed Alotaibi | O94: GF | P94: South West | Q94: 5490
A95: SA - KBR - Aqrabiya | B95: Hot | C95: D | D95: a1L5G000004NYI4UAO | E95: K06 (Hot) - SA - KBR - Aqrabiya | F95: Occupied | G95: 18.31 | H95: 3.0m | I95: 4990 | J95: 5750 | K95: 6000 | L95: 0066T000018cfkSQAQ | M95: Manoosha - Khobar AQ - Transfer Member | N95: Mohammed Alalyani | O95: GF | Q95: 5275
A96: SA - KBR - Aqrabiya | B96: Cold | C96: Cold | D96: a1L5G000004NYILUA4 | E96: K23 (Cold) - SA - KBR - Aqrabiya | F96: Occupied | G96: 17.44 | H96: Cold | I96: 2490 | J96: 2900 | K96: 3000 | L96: 0066T000019ERjEQAW | M96: Mol10 KSA (Member Transfer) | N96: Osama Eliewa | O96: 2nd Floor | Q96: 3300
A97: SA - RUH - Khaleej | B97: Cold | C97: Cold | D97: a1L5G000004NSi6UAG | E97: K19 (Cold) - SA - RUH - Khaleej | F97: Occupied | G97: 10.09 | H97: Cold | I97: 1652 | J97: 2400 | K97: 2050 | L97: 0066T000019FA3mQAG | M97: Diplomat - KHL | N97: Jad Hajjar | O97: 1st | P97: East | Q97: 2400
A98: SA - RUH - Khaleej | B98: Hot | C98: B | D98: a1L5G000004NSiEUAW | E98: K27 (Hot) - SA - RUH - Khaleej | F98: Occupied | G98: 13.04 | H98: 2.4m | I98: 3113 | J98: 4550 | K98: 3800 | L98: 0066T000019GB3vQAG | M98: Cosmo Cafe - Khaleej - KSA | N98: Ahmed Alghamdi | O98: 1st | P98: East | Q98: 4500
A99: SA - RUH - Aqiq | B99: Hot | C99: D | D99: a1L5G000004NsYcUAK | E99: K11 (Hot) - SA - RUH - Aqiq | F99: Occupied | G99: 19.46 | H99: 4.0m | I99: 6648 | J99: 9000 | K99: 8000 | L99: 0066T000019HDVhQAO | M99: Raed Startup | N99: Omar Joumaa | O99: 1st | P99: North West | Q99: 8500
A100: SA - RUH - Aqiq | B100: Cold | C100: Cold | D100: a1L5G000004NsYTUA0 | E100: K18 (Cold) - SA - RUH - Aqiq | F100: Occupied | G100: 8.66 | H100: Cold | I100: 2885 | J100: 3900 | K100: 3500 | L100: 0066T00001A4pZpQAJ | M100: Muneera Aabdullah Startup | N100: Mohammed Alalyani | O100: 2nd | P100: North West | Q100: 3400
A101: SA - RUH - Malga (2) | B101: Hot | C101: C | D101: a1L5G000004OE0PUAW | E101: K01 (Hot) - SA - RUH - Malga 2 | F101: Occupied | G101: 17.19 | H101: 3.0m | I101: 5494 | J101: 7700 | K101: 6600 | L101: 0066T00001A5klCQAR | M101: BIRD (MEMBER TRANSFER) | N101: Ihab Ghoussainy | O101: GF | P101: North West | Q101: 7700
A102: SA - RUH - Aqiq | B102: Hot | C102: D | D102: a1L5G000004NsYsUAK | E102: K04 (Hot) - SA - RUH - Aqiq | F102: Occupied | G102: 19.28 | H102: 4.0m | I102: 6648 | J102: 9000 | K102: 8000 | L102: 0066T00001A6ggHQAR | M102: Broasted Express | N102: Abir Salame | O102: GF | P102: North West | Q102: 6650
A103: SA - RUH - Olaya | B103: Hot | C103: D | D103: a1L5G000004TziPUAS | E103: K06 (Hot) - SA - RUH - Olaya | F103: Occupied | G103: 17 | H103: 2.4m | I103: 9022 | J103: 9950 | K103: 10900 | L103: 0066T00001As6snQAB | M103: Broasted Express | N103: Abir Salame | O103: G | P103: Center | Q103: 9050
A104: SA - RUH - Malga (2) | B104: Cold | C104: Cold | D104: a1L5G000004OE0ZUAW | E104: K20 (Cold) - SA - RUH - Malga 2 | F104: Occupied | G104: 9.63 | H104: Cold | I104: 3194 | J104: 4500 | K104: 3850 | L104: 0066T00001AsHoJQAV | M104: Crunch Bakery Malga 2 | N104: Shiraz Ali | O104: 1st | P104: North West | Q104: 4300
A105: SA - RUH - Malga (1) | B105: Hot | C105: F | D105: a1L5G000004NKhiUAG | E105: K05 (Hot) - SA - RUH - Malga 1 | F105: Occupied | G105: 22.9 | H105: 4.0m | I105: 6867 | J105: 9650 | K105: 8300 | L105: 0066T00001AsrQ5QAJ | M105: TAO - Malga (MEMBER TRANSFER) | N105: Mohammed Alotaibi | O105: GF | P105: North West | Q105: 9100
A106: SA - JED - Bawadi | B106: Hot | C106: EXP2 | D106: a1L5G000004OMh7UAG | E106: K14 (Hot) - SA - JED - Bawadi | F106: Occupied | G106: 17.18 | H106: 3.0m | I106: 3200 | J106: 3200 | K106: 6600 | L106: 0066T00001AsyacQAB | M106: Delivery Hero - K14 (Hot) - SA - JED - Bawadi | N106: Jad Hajjar | O106: 1st | Q106: 3296
A107: SA - JED - Bawadi | B107: Hot | C107: D | D107: a1L5G000004OMgfUAG | E107: K01 (Hot) - SA - JED - Bawadi | F107: Occupied | G107: 28.99 | H107: 4.0m | I107: 5500 | J107: 5500 | K107: 7200 | L107: 0066T00001AsydGQAR | M107: Delivery Hero - K01 (Hot) - SA - JED - Bawadi | N107: Jad Hajjar | O107: GF | Q107: 5665
A108: SA - JED - Bawadi | B108: Hot | C108: A | D108: a1L5G000004OMh0UAG | E108: K23 (Hot) - SA - JED - Bawadi | F108: Occupied | G108: 19.65 | H108: 4.0m | I108: 3800 | J108: 3800 | K108: 6600 | L108: 0066T00001AsydzQAB | M108: Delivery Hero - K23 (Hot) - SA - JED - Bawadi | N108: Jad Hajjar | O108: 2nd | Q108: 3914
A109: SA - JED - Bawadi | B109: Hot | C109: A | D109: a1L5G000004OMh3UAG | E109: K06 (Hot) - SA - JED - Bawadi | F109: Occupied | G109: 19.22 | H109: 4.0m | I109: 3800 | J109: 3800 | K109: 6600 | L109: 0066T00001Asye4QAB | M109: Delivery Hero - K06 (Hot) - SA - JED - Bawadi | N109: Jad Hajjar | O109: 1st | Q109: 3914
A110: SA - JED - Bawadi | B110: Hot | C110: EXP1 | D110: a1L5G000004OMh5UAG | E110: K04 (Hot) - SA - JED - Bawadi | F110: Occupied | G110: 14.15 | H110: 2.4m | I110: 2600 | J110: 2600 | K110: 6600 | L110: 0066T00001AsyeEQAR | M110: Delivery Hero - K04 (Hot) - SA - JED - Bawadi | N110: Jad Hajjar | O110: GF | Q110: 2678
A111: SA - JED - Bawadi | B111: Hot | C111: EXP1 | D111: a1L5G000004OMh4UAG | E111: K17 (Hot) - SA - JED - Bawadi | F111: Occupied | G111: 12.63 | H111: 2.4m | I111: 2600 | J111: 2600 | K111: 6600 | L111: 0066T00001AsyeOQAR | M111: Delivery Hero - K17 (Hot) - SA - JED - Bawadi | N111: Jad Hajjar | O111: 2nd | Q111: 2678
A112: SA - JED - Bawadi | B112: Hot | C112: B | D112: a1L5G000004OMh9UAG | E112: K11 (Hot) - SA - JED - Bawadi | F112: Occupied | G112: 20.67 | H112: 4.0m | I112: 4250 | J112: 4250 | K112: 6600 | L112: 0066T00001AsyeTQAR | M112: Delivery Hero - K11 (Hot) - SA - JED - Bawadi | N112: Jad Hajjar | O112: 1st | Q112: 4377
A113: SA - JED - Marwa | B113: Hot | C113: B | D113: a1L6T00000jqvBkUAI | E113: K11 (Hot) - SA - JED - Marwa | F113: Occupied | G113: 20.06 | H113: 3.0m | I113: 4250 | J113: 4250 | K113: 37962.96 | L113: 0066T00001AsyeUQAR | M113: Delivery Hero - K11 (Hot) - SA - JED - Marwa | N113: Jad Hajjar | O113: 1st | Q113: 5500
A114: SA - JED - Bawadi | B114: Hot | C114: C | D114: a1L5G000004OMgzUAG | E114: K07 (Hot) - SA - JED - Bawadi | F114: Occupied | G114: 23.44 | H114: 4.0m | I114: 4800 | J114: 4800 | K114: 6600 | L114: 0066T00001AsyeiQAB | M114: Delivery Hero - K07 (Hot) - SA - JED - Bawadi | N114: Jad Hajjar | O114: 1st | Q114: 4944
A115: SA - JED - Bawadi | B115: Hot | C115: D | D115: a1L5G000004OMh1UAG | E115: K22 (Hot) - SA - JED - Bawadi | F115: Occupied | G115: 29.01 | H115: 2 x 2.4m | I115: 5500 | J115: 5500 | K115: 4800 | L115: 0066T00001AsyenQAB | M115: Delivery Hero - K22 (Hot) - SA - JED - Bawadi | N115: Jad Hajjar | O115: 2nd | Q115: 5665
...

Sheet Pivot Table 10
D1: Delta
D2: =C2/B2 -> 1
D3: =C3/B3 -> 0.90332877
D4: =C4/B4 -> 0.85250868
D5: =C5/B5 -> 1
D6: =C6/B6 -> 1.1383809
D7: =C7/B7 -> 0.98121201
D8: =C8/B8 -> 1.0299711
D9: =C9/B9 -> 0.97677794
D10: =C10/B10 -> 0.99553571
D11: =C11/B11 -> 0.8198021
D12: =C12/B12 -> 0.96339601
D13: =C13/B13 -> 0.92606714
... D40: =C40/B40 -> 1.0018791

Sheet Area Data
A1: Account Name | B1: Type | C1: Category | D1: Kitchen Number ID 18 | E1: Kitchen Number Name | F1: Status | G1: Kitchen Size (Sq. Meters) | H1: Hood Size | I1: Floor Price | J1: List Price | K1: Activation Fee | L1: Opportunity ID 18 | M1: Opportunity Name | N1: Opportunity Owner: Full Name | O1: Floor | P1: County | Q1: Real-time Sold Status
A2: SA - RUH - Aqiq | B2: CPU | C2: X | D2: a1LVO000003qvTV2AY | E2: K22 (CPU) - SA - RUH - Aqiq | H2: NA | I2: 1666.66 | J2: 2250 | O2: GF | P2: North West | Q2: =SUM(COUNTIF(F2,"Occupied"),Countif(F2,"Churning"),Countif(F2,"Sold"),COUNTIFS(F2,"Vacant",M2,"<>")) -> 0
A3: SA - RUH - Arid (2) | B3: Hot | C3: Cold | D3: a1LVO000004E6w52AC | E3: K04 (Cold) - SA - RUH - Arid (2) | G3: 10.62 | H3: Cold | I3: 5100 | J3: 6150 | O3: GF | P3: North | Q3: =SUM(COUNTIF(F3,"Occupied"),Countif(F3,"Churning"),Countif(F3,"Sold"),COUNTIFS(F3,"Vacant",M3,"<>")) -> 0
A4: SA - RUH - Narjis | B4: Cold | C4: COLD | D4: a1L6T00000iJA28UAG | E4: K01 (Cold) - SA - RUH - Narjis | G4: 9.12 | H4: NA | I4: 3551 | J4: 4100 | K4: 4350 | O4: GF | P4: North | Q4: =SUM(COUNTIF(F4,"Occupied"),Countif(F4,"Churning"),Countif(F4,"Sold"),COUNTIFS(F4,"Vacant",M4,"<>")) -> 0
A5: SA - RUH - Arid (2) | B5: Hot | C5: C | D5: a1LVO000004E7H32AK | E5: K17 (Hot) - SA - RUH - Arid (2) | G5: 15.03 | H5: 2.4m | I5: 6400 | J5: 7700 | O5: 1st | P5: North | Q5: =SUM(COUNTIF(F5,"Occupied"),Countif(F5,"Churning"),Countif(F5,"Sold"),COUNTIFS(F5,"Vacant",M5,"<>")) -> 0
A6: SA - RUH - Mursalat | B6: Hot Kitchen | C6: C | D6: a1LVO000002yMFp2AM | E6: K06 (Hot) - SA - MUR | G6: 15.04 | H6: 2.4m Hood | I6: 6430 | J6: 6450 | O6: 1st | P6: Center | Q6: =SUM(COUNTIF(F6,"Occupied"),Countif(F6,"Churning"),Countif(F6,"Sold"),COUNTIFS(F6,"Vacant",M6,"<>")) -> 0
A7: SA - RUH - Mursalat | B7: Hot Kitchen | C7: D | D7: a1LVO000002yMHR2A2 | E7: K07 (Hot) - SA - MUR | G7: 17.06 | H7: 3.0m Hood | I7: 6861 | J7: 6900 | O7: 1st | P7: Center | Q7: =SUM(COUNTIF(F7,"Occupied"),Countif(F7,"Churning"),Countif(F7,"Sold"),COUNTIFS(F7,"Vacant",M7,"<>")) -> 0
A8: SA - RUH - Mursalat | B8: Hot Kitchen | C8: C | D8: a1LVO000002yMJ32AM | E8: K08 (Hot) - SA - MUR | G8: 15.04 | H8: 2.4m Hood | I8: 6430 | J8: 6450 | O8: 1st | P8: Center | Q8: =SUM(COUNTIF(F8,"Occupied"),Countif(F8,"Churning"),Countif(F8,"Sold"),COUNTIFS(F8,"Vacant",M8,"<>")) -> 0
A9: SA - RUH - Mursalat | B9: Hot Kitchen | C9: C | D9: a1LVO000002yMAz2AM | E9: K03 (Hot) - SA - MUR | G9: 15.15 | H9: 2.4m Hood | I9: 6430 | J9: 6450 | O9: 1st | P9: Center | Q9: =SUM(COUNTIF(F9,"Occupied"),Countif(F9,"Churning"),Countif(F9,"Sold"),COUNTIFS(F9,"Vacant",M9,"<>")) -> 0
A10: SA - RUH - Mursalat | B10: Hot Kitchen | C10: D | D10: a1LVO000002yMCb2AM | E10: K04 (Hot) - SA - MUR | G10: 17.06 | H10: 3.0m Hood | I10: 6861 | J10: 6900 | O10: 1st | P10: Center | Q10: =SUM(COUNTIF(F10,"Occupied"),Countif(F10,"Churning"),Countif(F10,"Sold"),COUNTIFS(F10,"Vacant",M10,"<>")) -> 0
A11: SA - RUH - Mursalat | B11: Hot Kitchen | C11: C | D11: a1LVO000002yMED2A2 | E11: K05 (Hot) - SA - MUR | G11: 15.04 | H11: 2.4m Hood | I11: 6430 | J11: 6450 | O11: 1st | P11: Center | Q11: =SUM(COUNTIF(F11,"Occupied"),Countif(F11,"Churning"),Countif(F11,"Sold"),COUNTIFS(F11,"Vacant",M11,"<>")) -> 0
A12: SA - RUH - Mursalat | B12: Hot Kitchen | C12: E | D12: a1LVO000002yM9N2AU | E12: K02 (Hot) - SA - MUR | G12: 19.04 | H12: 3.0m Hood | I12: 7300 | J12: 7300 | O12: 1st | P12: Center | Q12: =SUM(COUNTIF(F12,"Occupied"),Countif(F12,"Churning"),Countif(F12,"Sold"),COUNTIFS(F12,"Vacant",M12,"<>")) -> 0
A13: SA - RUH - Mursalat | B13: Hot Kitchen | C13: E | D13: a1LVO000002yM7l2AE | E13: K01 (Hot) - SA - MUR | G13: 19.04 | H13: 3.0m Hood | I13: 7300 | J13: 7300 | O13: 1st | P13: Center | Q13: =SUM(COUNTIF(F13,"Occupied"),Countif(F13,"Churning"),Countif(F13,"Sold"),COUNTIFS(F13,"Vacant",M13,"<>")) -> 0
A14: SA - RUH - Mursalat | B14: Hot Kitchen | C14: C | D14: a1LVO000002yMfd2AE | E14: K23 (Hot) - SA - MUR | G14: 15.03 | H14: 2.4m Hood | I14: 6430 | J14: 6450 | O14: 2nd | P14: Center | Q14: =SUM(COUNTIF(F14,"Occupied"),Countif(F14,"Churning"),Countif(F14,"Sold"),COUNTIFS(F14,"Vacant",M14,"<>")) -> 0
A15: SA - RUH - Mursalat | B15: Hot Kitchen | C15: E | D15: a1LVO000002yMhF2AU | E15: K22 (Hot) - SA - MUR | G15: 19.15 | H15: 3.0m Hood | I15: 7300 | J15: 7300 | O15: 2nd | P15: Center | Q15: =SUM(COUNTIF(F15,"Occupied"),Countif(F15,"Churning"),Countif(F15,"Sold"),COUNTIFS(F15,"Vacant",M15,"<>")) -> 0
A16: SA - RUH - Mursalat | B16: Hot Kitchen | C16: C | D16: a1LVO000002yMcP2AU | E16: K21 (Hot) - SA - MUR | G16: 15.03 | H16: 2.4m Hood | I16: 6430 | J16: 6450 | O16: 2nd | P16: Center | Q16: =SUM(COUNTIF(F16,"Occupied"),Countif(F16,"Churning"),Countif(F16,"Sold"),COUNTIFS(F16,"Vacant",M16,"<>")) -> 0
... A28: SA - RUH - Mursalat | B28: Hot Kitchen | C28: C | D28: a1LVO000002yMMH2A2 | E28: K10 (Hot) - SA - MUR | G28: 15.04 | H28: 2.4m Hood | I28: 6430 | J28: 6450 | O28: 1st | P28: Center | Q28: =SUM(COUNTIF(F28,"Occupied"),Countif(F28,"Churning"),Countif(F28,"Sold"),COUNTIFS(F28,"Vacant",M28,"<>")) -> 0
A29: SA - RUH - Malga (1) | B29: Hot | C29: A | D29: a1L5G000004NKhtUAG | E29: K16 (Hot) - SA - RUH - Malga 1 | G29: 11.9 | H29: 2.0m | I29: 5148 | J29: 7250 | K29: 6200 | O29: 1st Floor | P29: North West | Q29: =SUM(COUNTIF(F29,"Occupied"),Countif(F29,"Churning"),Countif(F29,"Sold"),COUNTIFS(F29,"Vacant",M29,"<>")) -> 0
A30: SA - RUH - Malga (1) | B30: Hot | C30: C | D30: a1L5G000004NKhvUAG | E30: K18 (Hot) - SA - RUH - Malga 1 | G30: 16.9 | H30: 3.0m | I30: 6437 | J30: 9050 | K30: 7750 | O30: 1st Floor | P30: North West | Q30: =SUM(COUNTIF(F30,"Occupied"),Countif(F30,"Churning"),Countif(F30,"Sold"),COUNTIFS(F30,"Vacant",M30,"<>")) -> 0
A31: SA - RUH - Malga (1) | B31: Hot | C31: C | D31: a1L5G000004NKhwUAG | E31: K19 (Hot) - SA - RUH - Malga 1 | G31: 16 | H31: 2.4m | I31: 6008 | J31: 8450 | K31: 7300 | O31: 1st Floor | P31: North West | Q31: =SUM(COUNTIF(F31,"Occupied"),Countif(F31,"Churning"),Countif(F31,"Sold"),COUNTIFS(F31,"Vacant",M31,"<>")) -> 0
A32: SA - RUH - Malga (1) | B32: Hot | C32: A | D32: a1L5G000004NKhlUAG | E32: K08 (Hot) - SA - RUH - Malga 1 | G32: 11.3 | H32: 2.0m | I32: 5148 | J32: 7250 | K32: 6200 | O32: GF | P32: North West | Q32: =SUM(COUNTIF(F32,"Occupied"),Countif(F32,"Churning"),Countif(F32,"Sold"),COUNTIFS(F32,"Vacant",M32,"<>")) -> 0
A33: SA - QSM - Al Bishr | B33: Hot | C33: E | D33: a1L6T00000d2MvuUAE | E33: K13 (Hot) - SA - RUH - QSM | F33: Churning | G33: 21.06 | H33: 3.0m | I33: 3229 | J33: 2750 | K33: 3900 | L33: 006VO00000TRgP3YAL | M33: Samoli Ep | N33: Riyad Ali | O33: 2nd | Q33: =SUM(COUNTIF(F33,"Occupied"),Countif(F33,"Churning"),Countif(F33,"Sold"),COUNTIFS(F33,"Vacant",M33,"<>")) -> 1
A34: SA - AHS - Hofuf | B34: Hot | C34: B | D34: a1L6T00000iJLZdUAO | E34: K06 (Hot)- KSA - AHS- Hofuf | F34: Churning | G34: 14.78 | H34: 2.4m Hood | I34: 2975.44 | J34: 2400 | K34: 3500 | L34: 006VO00000dcowbYAA | M34: Nukhba al Wasal hofouf | N34: Riyad Ali | O34: GF | Q34: =SUM(COUNTIF(F34,"Occupied"),Countif(F34,"Churning"),Countif(F34,"Sold"),COUNTIFS(F34,"Vacant",M34,"<>")) -> 1
A35: SA - RUH - Khaleej | B35: Hot | C35: A | D35: a1L5G000004NSiDUAW | E35: K26 (Hot) - SA - RUH - Khaleej | F35: Churning | G35: 11.97 | H35: 2.0m | I35: 2482 | J35: 3600 | K35: 3000 | L35: 006VO00000eOAaHYAW | M35: Al Normani Khaleej | N35: Shiraz Ali | O35: 1st | P35: East | Q35: =SUM(COUNTIF(F35,"Occupied"),Countif(F35,"Churning"),Countif(F35,"Sold"),COUNTIFS(F35,"Vacant",M35,"<>")) -> 1
A36: SA - RUH - Olaya | B36: Hot | C36: C | D36: a1L5G000004Tzj8UAC | E36: K16 (Hot) - SA - RUH - Olaya | F36: Churning | G36: 16 | H36: 2.4m | I36: 8592 | J36: 9500 | K36: 10350 | O36: 1st | P36: Center | Q36: =SUM(COUNTIF(F36,"Occupied"),Countif(F36,"Churning"),Countif(F36,"Sold"),COUNTIFS(F36,"Vacant",M36,"<>")) -> 1
A37: SA - RUH - Wadi | B37: Hot | C37: D | D37: a1L5G000004TzoXUAS | E37: K07 (Hot) - SA - RUH - Wadi | F37: Churning | G37: 18.1 | H37: 2.4m | I37: 7096 | J37: 7100 | K37: 8550 | O37: G | P37: North | Q37: =SUM(COUNTIF(F37,"Occupied"),Countif(F37,"Churning"),Countif(F37,"Sold"),COUNTIFS(F37,"Vacant",M37,"<>")) -> 1
A38: SA - RUH - Wadi | B38: Hot | C38: E | D38: a1L5G000004TzpbUAC | E38: K45 (Hot) - SA - RUH - Wadi | F38: Churning | G38: 20.8 | H38: 2.4m | I38: 7514 | J38: 7550 | K38: 9100 | O38: 1st | P38: North | Q38: =SUM(COUNTIF(F38,"Occupied"),Countif(F38,"Churning"),Countif(F38,"Sold"),COUNTIFS(F38,"Vacant",M38,"<>")) -> 1
A39: SA - RUH - Qurtoba | B39: Hot | C39: C | D39: a1L5G000004TzsPUAS | E39: K10 (Hot) SA - RUH - Qurtoba | F39: Churning | G39: 16 | H39: 2.4m | I39: 4799 | J39: 6750 | K39: 5800 | O39: G | P39: North East | Q39: =SUM(COUNTIF(F39,"Occupied"),Countif(F39,"Churning"),Countif(F39,"Sold"),COUNTIFS(F39,"Vacant",M39,"<>")) -> 1
A40: SA - RUH - Dahrat Laban | B40: Hot | C40: B | D40: a1L5G000004TzmgUAC | E40: K16 (Hot) - SA - RUH - Dahrat Laban | F40: Churning | G40: 14.54 | H40: 2.4m | I40: 4666 | J40: 4700 | K40: 5650 | O40: Mez | P40: South West | Q40: =SUM(COUNTIF(F40,"Occupied"),Countif(F40,"Churning"),Countif(F40,"Sold"),COUNTIFS(F40,"Vacant",M40,"<>")) -> 1
A41: SA - RUH - Wadi | B41: Hot | C41: D | D41: a1L5G000004TzoIUAS | E41: K04 (Hot) - SA - RUH - Wadi | F41: Churning | G41: 18.1 | H41: 2.4m | I41: 7096 | J41: 7100 | K41: 8550 | O41: G | P41: North | Q41: =SUM(COUNTIF(F41,"Occupied"),Countif(F41,"Churning"),Countif(F41,"Sold"),COUNTIFS(F41,"Vacant",M41,"<>")) -> 1
A42: SA - DMM - Zuhur | B42: Hot | C42: G | D42: a1L5G000004NecqUAC | E42: K22 (Hot) - SA - DMM - Zuhur | F42: Churning | G42: 24.71 | H42: 4.0m | I42: 4750 | J42: 5700 | K42: 5700 | O42: 1st Floor | Q42: =SUM(COUNTIF(F42,"Occupied"),Countif(F42,"Churning"),Countif(F42,"Sold"),COUNTIFS(F42,"Vacant",M42,"<>")) -> 1
A43: SA - RUH - Khaleej | B43: Hot | C43: D | D43: a1L5G000004NSi3UAG | E43: K16 (Hot) - SA - RUH - Khaleej | F43: Churning | G43: 19.55 | H43: 3.0m | I43: 3944 | J43: 5750 | K43: 4750 | O43: 1st | P43: East | Q43: =SUM(COUNTIF(F43,"Occupied"),Countif(F43,"Churning"),Countif(F43,"Sold"),COUNTIFS(F43,"Vacant",M43,"<>")) -> 1
A44: SA - KBR - Aqrabiya | B44: Hot | C44: C | D44: a1L5G000004NYIEUA4 | E44: K16 (Hot) - SA - KBR - Aqrabiya | F44: Churning | G44: 15.43 | H44: 2.4m | I44: 4250 | J44: 4900 | K44: 5100 | O44: 1st Floor | Q44: =SUM(COUNTIF(F44,"Occupied"),Countif(F44,"Churning"),Countif(F44,"Sold"),COUNTIFS(F44,"Vacant",M44,"<>")) -> 1
A45: SA - KBR - Aqrabiya | B45: Hot | C45: C | D45: a1L5G000004NYIDUA4 | E45: K15 (Hot) - SA - KBR - Aqrabiya | F45: Churning | G45: 15.67 | H45: 2.4m | I45: 4250 | J45: 4900 | K45: 5100 | O45: 1st Floor | Q45: =SUM(COUNTIF(F45,"Occupied"),Countif(F45,"Churning"),Countif(F45,"Sold"),COUNTIFS(F45,"Vacant",M45,"<>")) -> 1
A46: SA - KBR - Aqrabiya | B46: Hot | C46: D | D46: a1L5G000004NYI4UAO | E46: K06 (Hot) - SA - KBR - Aqrabiya | F46: Churning | G46: 18.31 | H46: 3.0m | I46: 4990 | J46: 5750 | K46: 6000 | O46: GF | Q46: =SUM(COUNTIF(F46,"Occupied"),Countif(F46,"Churning"),Countif(F46,"Sold"),COUNTIFS(F46,"Vacant",M46,"<>")) -> 1
A47: SA - RUH - Qurtoba | B47: Hot | C47: C | D47: a1L5G000004TzstUAC | E47: K18 (Hot) SA - RUH - Qurtoba | F47: Churning | G47: 16 | H47: 2.4m | I47: 4799 | J47: 6750 | K47: 5800 | O47: G | P47: North East | Q47: =SUM(COUNTIF(F47,"Occupied"),Countif(F47,"Churning"),Countif(F47,"Sold"),COUNTIFS(F47,"Vacant",M47,"<>")) -> 1
A48: SA - RUH - Qurtoba | B48: Hot | C48: F | D48: a1L5G000004TzsoUAC | E48: K16 (Hot) SA - RUH - Qurtoba | F48: Churning | G48: 22 | H48: 2.4m | I48: 6090 | J48: 8550 | K48: 7350 | O48: G | P48: North East | Q48: =SUM(COUNTIF(F48,"Occupied"),Countif(F48,"Churning"),Countif(F48,"Sold"),COUNTIFS(F48,"Vacant",M48,"<>")) -> 1
A49: SA - RUH - Qurtoba | B49: Hot | C49: F | D49: a1L5G000004TzsjUAC | E49: K15 (Hot) SA - RUH - Qurtoba | F49: Churning | G49: 22 | H49: 2.4m | I49: 6090 | J49: 8550 | K49: 7350 | O49: G | P49: North East | Q49: =SUM(COUNTIF(F49,"Occupied"),Countif(F49,"Churning"),Countif(F49,"Sold"),COUNTIFS(F49,"Vacant",M49,"<>")) -> 1
A50: SA - RUH - Qurtoba | B50: Hot | C50: D | D50: a1L5G000004TztDUAS | E50: K22 (Hot) SA - RUH - Qurtoba | F50: Churning | G50: 17 | H50: 2.4m | I50: 5731 | J50: 8050 | K50: 6900 | O50: G | P50: North East | Q50: =SUM(COUNTIF(F50,"Occupied"),Countif(F50,"Churning"),Countif(F50,"Sold"),COUNTIFS(F50,"Vacant",M50,"<>")) -> 1
A51: SA - RUH - Qurtoba | B51: Cold | C51: Cold | D51: a1L5G000004TzuuUAC | E51: K02 (Cold) SA - RUH - Qurtoba | F51: Churning | G51: 11 | H51: Cold | I51: 3580 | J51: 5050 | K51: 4350 | O51: G | P51: North East | Q51: =SUM(COUNTIF(F51,"Occupied"),Countif(F51,"Churning"),Countif(F51,"Sold"),COUNTIFS(F51,"Vacant",M51,"<>")) -> 1
A52: SA - RUH - Arid (2) | B52: Hot | C52: B | D52: a1LVO000004E9Nh2AK | E52: K05 (Hot) - SA - RUH - Arid (2) | F52: Churning | G52: 14.04 | H52: 2.4m | I52: 6000 | J52: 7200 | O52: GF | P52: North | Q52: =SUM(COUNTIF(F52,"Occupied"),Countif(F52,"Churning"),Countif(F52,"Sold"),COUNTIFS(F52,"Vacant",M52,"<>")) -> 1
A53: SA - RUH - Yasmin | B53: Cold | C53: Cold | D53: a1L6T00000iJdvcUAC | E53: K10 (Cold) - SA - RUH - Yasmin | F53: Churning | G53: 12.04 | H53: Cold | I53: 3900 | J53: 5100 | O53: 1st | P53: North | Q53: =SUM(COUNTIF(F53,"Occupied"),Countif(F53,"Churning"),Countif(F53,"Sold"),COUNTIFS(F53,"Vacant",M53,"<>")) -> 1
A54: SA - RUH - Yasmin | B54: Hot | C54: D | D54: a1L6T00000iJdvVUAS | E54: K03 (Hot) - SA - RUH - Yasmin | F54: Churning | G54: 18.84 | H54: 3.0m | I54: 6200 | J54: 8100 | O54: 1st | P54: North | Q54: =SUM(COUNTIF(F54,"Occupied"),Countif(F54,"Churning"),Countif(F54,"Sold"),COUNTIFS(F54,"Vacant",M54,"<>")) -> 1
A55: SA - RUH - Malga (1) | B55: Cold | C55: Cold | D55: a1L5G000004NKhmUAG | E55: K09 (Cold) - SA - RUH - Malga 1 | F55: Churning | G55: 10.4 | H55: Cold | I55: 3257 | J55: 4600 | K55: 4000 | O55: 2nd Floor | P55: North West | Q55: =SUM(COUNTIF(F55,"Occupied"),Countif(F55,"Churning"),Countif(F55,"Sold"),COUNTIFS(F55,"Vacant",M55,"<>")) -> 1
A56: SA - RUH - Malga (1) | B56: Cold | C56: Cold | D56: a1L5G000004NKhoUAG | E56: K11 (Cold) - SA - RUH - Malga 1 | F56: Churning | G56: 10.6 | H56: Cold | I56: 3257 | J56: 4600 | K56: 4000 | O56: 1st Floor | P56: North West | Q56: =SUM(COUNTIF(F56,"Occupied"),Countif(F56,"Churning"),Countif(F56,"Sold"),COUNTIFS(F56,"Vacant",M56,"<>")) -> 1
A57: SA - DMM - Rawda | B57: Hot | C57: C | D57: a1L6T00000iJ1ELUA0 | E57: K12 (Hot) - SA - DMM - Rawda | F57: Churning | G57: 15.44 | H57: 2.4m | I57: 3150 | J57: 3800 | K57: 3700 | O57: 1st | Q57: =SUM(COUNTIF(F57,"Occupied"),Countif(F57,"Churning"),Countif(F57,"Sold"),COUNTIFS(F57,"Vacant",M57,"<>")) -> 1
A58: SA - DMM - Rawda | B58: Hot | C58: F | D58: a1L6T00000iJ1EPUA0 | E58: K06 (Hot) - SA - DMM - Rawda | F58: Churning | G58: 22.69 | H58: 4.0m | I58: 4150 | J58: 5000 | K58: 4800 | O58: GF | Q58: =SUM(COUNTIF(F58,"Occupied"),Countif(F58,"Churning"),Countif(F58,"Sold"),COUNTIFS(F58,"Vacant",M58,"<>")) -> 1
A59: SA - DMM - Rawda | B59: Cold | C59: Cold | D59: a1L6T00000iJ1EJUA0 | E59: K18 (Cold) - SA - DMM - Rawda | F59: Churning | G59: 10.13 | H59: Cold | I59: 1900 | J59: 2300 | K59: 2300 | O59: 1st | Q59: =SUM(COUNTIF(F59,"Occupied"),Countif(F59,"Churning"),Countif(F59,"Sold"),COUNTIFS(F59,"Vacant",M59,"<>")) -> 1
A60: SA - DMM - Rawda | B60: Hot | C60: D | D60: a1L6T00000iJ1E9UAK | E60: K05 (Hot) - SA - DMM - Rawda | F60: Churning | G60: 18.46 | H60: 3.0m | I60: 3500 | J60: 4200 | K60: 4100 | O60: GF | Q60: =SUM(COUNTIF(F60,"Occupied"),Countif(F60,"Churning"),Countif(F60,"Sold"),COUNTIFS(F60,"Vacant",M60,"<>")) -> 1
A61: SA - RUH - Sulimaniyah | B61: Hot | C61: D | D61: a1L6T00000iJBZYUA4 | E61: K25 (Hot) - SA - RUH - Sulimaniyah | F61: Churning | G61: 18.15 | H61: 3.0m | I61: 6250 | J61: 8150 | K61: 7500 | O61: 3rd | P61: Center | Q61: =SUM(COUNTIF(F61,"Occupied"),Countif(F61,"Churning"),Countif(F61,"Sold"),COUNTIFS(F61,"Vacant",M61,"<>")) -> 1
A62: SA - DMM - Zuhur | B62: Hot | C62: C | D62: a1L6T00000kcQBPUA2 | E62: K20 (Hot) - SA - DMM - Zuhur | F62: Churning | G62: 16.38 | H62: 2.4m | I62: 3563 | J62: 4300 | K62: 4450 | O62: 1st Floor | Q62: =SUM(COUNTIF(F62,"Occupied"),Countif(F62,"Churning"),Countif(F62,"Sold"),COUNTIFS(F62,"Vacant",M62,"<>")) -> 1
A63: SA - RUH - Malga (2) | B63: Hot | C63: C | D63: a1L5G000004OE0RUAW | E63: K19 (Hot) - SA - RUH - Malga 2 | F63: Churning | G63: 15.6 | H63: 3.0m | I63: 5494 | J63: 7700 | K63: 6600 | O63: 1st | P63: North West | Q63: =SUM(COUNTIF(F63,"Occupied"),Countif(F63,"Churning"),Countif(F63,"Sold"),COUNTIFS(F63,"Vacant",M63,"<>")) -> 1
A64: SA - RUH - Malga (2) | B64: Hot | C64: A | D64: a1L5G000004OE0WUAW | E64: K10 (Hot) - SA - RUH - Malga 2 | F64: Churning | G64: 10.22 | H64: 2.0m | I64: 4173 | J64: 5850 | K64: 5050 | O64: GF | P64: North West | Q64: =SUM(COUNTIF(F64,"Occupied"),Countif(F64,"Churning"),Countif(F64,"Sold"),COUNTIFS(F64,"Vacant",M64,"<>")) -> 1
A65: SA - RUH - Malga (2) | B65: Hot | C65: B | D65: a1L5G000004OE0LUAW | E65: K09 (Hot) - SA - RUH - Malga 2 | F65: Churning | G65: 11.75 | H65: 2.4m | I65: 4684 | J65: 6600 | K65: 5650 | O65: GF | P65: North West | Q65: =SUM(COUNTIF(F65,"Occupied"),Countif(F65,"Churning"),Countif(F65,"Sold"),COUNTIFS(F65,"Vacant",M65,"<>")) -> 1
A66: SA - RUH - Aqiq | B66: Hot | C66: C | D66: a1L5G000004NsYWUA0 | E66: K17 (Hot) - SA - RUH - Aqiq | F66: Churning | G66: 18.68 | H66: 3.0m | I66: 6230 | J66: 8450 | K66: 7500 | O66: 1st | P66: North West | Q66: =SUM(COUNTIF(F66,"Occupied"),Countif(F66,"Churning"),Countif(F66,"Sold"),COUNTIFS(F66,"Vacant",M66,"<>")) -> 1
A67: SA - RUH - Sweidi | B67: Hot | C67: B | D67: a1L5G000004Tzk1UAC | E67: K05 (Hot) - SA - RUH - Sweidi | F67: Occupied | G67: 13.5 | H67: 2.4m | I67: 4150 | J67: 5400 | K67: 4800 | L67: 0065G00000aCkVTQA0 | M67: Logimat Mama Noura KSA - 4 | N67: Omar Joumaa | O67: GF | P67: South West | Q67: =SUM(COUNTIF(F67,"Occupied"),Countif(F67,"Churning"),Countif(F67,"Sold"),COUNTIFS(F67,"Vacant",M67,"<>")) -> 1
A68: SA - RUH - Sweidi | B68: Hot | C68: B | D68: a1L5G000004TzkBUAS | E68: K07 (Hot) - SA - RUH - Sweidi | F68: Occupied | G68: 14 | H68: 2.4m | I68: 4650 | J68: 6050 | K68: 5400 | L68: 0065G00000aCkVdQAK | M68: Logimat Mama Noura KSA - 5 | N68: Omar Joumaa | O68: GF | P68: South West | Q68: =SUM(COUNTIF(F68,"Occupied"),Countif(F68,"Churning"),Countif(F68,"Sold"),COUNTIFS(F68,"Vacant",M68,"<>")) -> 1
A69: SA - RUH - Wadi | B69: Hot | C69: F | D69: a1L5G000004TzpfUAC | E69: K23 (Hot) - SA - RUH - Wadi | F69: Occupied | G69: 22.2 | H69: 2.4m | I69: 8349 | J69: 8350 | K69: 10050 | L69: 0065G00000dMtwTQAS | M69: Burger King SA | N69: Osama Eliewa | O69: G | P69: North | Q69: =SUM(COUNTIF(F69,"Occupied"),Countif(F69,"Churning"),Countif(F69,"Sold"),COUNTIFS(F69,"Vacant",M69,"<>")) -> 1
A70: SA - RUH - Sweidi | B70: Cold | C70: Cold | D70: a1L5G000004TzlTUAS | E70: K04 (Cold) - SA - RUH - Sweidi | F70: Occupied | G70: 9 | H70: Cold | I70: 3100 | J70: 4050 | K70: 3600 | L70: 0065G00000dOim7QAC | M70: Eat ha | N70: Ahmed Alghamdi | O70: Mez | P70: South West | Q70: =SUM(COUNTIF(F70,"Occupied"),Countif(F70,"Churning"),Countif(F70,"Sold"),COUNTIFS(F70,"Vacant",M70,"<>")) -> 1
A71: SA - RUH - Malga (1) | B71: Cold | C71: Cold | D71: a1L5G000004NSfYUAW | E71: K21 (Cold) - SA - RUH - Malga 1 | F71: Occupied | G71: 10.3 | H71: Cold | I71: 3257 | J71: 4600 | K71: 4000 | L71: 0065G00000dOswMQAS | M71: Quizno's Sub - Malga | N71: Jad Hajjar | O71: 2nd Floor | P71: North West | Q71: =SUM(COUNTIF(F71,"Occupied"),Countif(F71,"Churning"),Countif(F71,"Sold"),COUNTIFS(F71,"Vacant",M71,"<>")) -> 1
A72: SA - RUH - Khaleej | B72: Cold | C72: Cold | D72: a1L5G000004NShrUAG | E72: K12 (Cold) - SA - RUH - Khaleej | F72: Occupied | G72: 9.3 | H72: Cold | I72: 1652 | J72: 2400 | K72: 2050 | L72: 0065G00000j3SK4QAM | M72: Cookies n Cream Khaleej | N72: Shiraz Ali | O72: GF | P72: East | Q72: =SUM(COUNTIF(F72,"Occupied"),Countif(F72,"Churning"),Countif(F72,"Sold"),COUNTIFS(F72,"Vacant",M72,"<>")) -> 1
A73: SA - RUH - Sweidi | B73: Hot | C73: C | D73: a1L5G000004TzjmUAC | E73: K03 (Hot) - SA - RUH - Sweidi | F73: Occupied | G73: 16.2 | H73: 3.0m | I73: 5700 | J73: 7450 | K73: 6600 | L73: 0065G00000j4E5KQAU | M73: Burger King SA | N73: Osama Eliewa | O73: GF | P73: South West | Q73: =SUM(COUNTIF(F73,"Occupied"),Countif(F73,"Churning"),Countif(F73,"Sold"),COUNTIFS(F73,"Vacant",M73,"<>")) -> 1
A74: SA - RUH - Olaya | B74: Hot | C74: C | D74: a1L5G000004TzijUAC | E74: K11 (Hot) - SA - RUH - Olaya | F74: Occupied | G74: 16.4 | H74: 2.4m | I74: 8592 | J74: 9500 | K74: 10350 | L74: 0065G00000j6v2FQAQ | M74: Cosmo Cafe - Olaya - KSA | N74: Ahmed Alghamdi | O74: 1st | P74: Center | Q74: =SUM(COUNTIF(F74,"Occupied"),Countif(F74,"Churning"),Countif(F74,"Sold"),COUNTIFS(F74,"Vacant",M74,"<>")) -> 1
A75: SA - RUH - Malga (2) | B75: Hot | C75: D | D75: a1L5G000004OE0KUAW | E75: K13 (Hot) - SA - RUH - Malga 2 | F75: Occupied | G75: 18.64 | H75: 3.0m | I75: 6345 | J75: 8900 | K75: 7650 | L75: 0065G00000mU6CvQAK | M75: Section-B | N75: Osama Eliewa | O75: 1st | P75: North West | Q75: =SUM(COUNTIF(F75,"Occupied"),Countif(F75,"Churning"),Countif(F75,"Sold"),COUNTIFS(F75,"Vacant",M75,"<>")) -> 1
A76: SA - RUH - Wadi | B76: Hot | C76: E | D76: a1L5G000004TzpkUAC | E76: K24 (Hot) - SA - RUH - Wadi | F76: Occupied | G76: 21.9 | H76: 2.4m | I76: 8349 | J76: 8350 | K76: 10050 | L76: 0065G00000nbKblQAE | M76: TAO | N76: Mohammed Alotaibi | O76: G | P76: North | Q76: =SUM(COUNTIF(F76,"Occupied"),Countif(F76,"Churning"),Countif(F76,"Sold"),COUNTIFS(F76,"Vacant",M76,"<>")) -> 1
A77: SA - RUH - Qurtoba | B77: Hot | C77: F | D77: a1L5G000004TzqjUAC | E77: K11 (Hot) SA - RUH - Qurtoba | F77: Occupied | G77: 22 | H77: 2.4m | I77: 6090 | J77: 8550 | K77: 7350 | L77: 0066T00001844JJQAY | M77: Burger King SA | N77: Osama Eliewa | O77: G | P77: North East | Q77: =SUM(COUNTIF(F77,"Occupied"),Countif(F77,"Churning"),Countif(F77,"Sold"),COUNTIFS(F77,"Vacant",M77,"<>")) -> 1
A78: SA - RUH - Khaleej | B78: Hot | C78: G | D78: a1L5G000004NSi8UAG | E78: K21 (Hot) - SA - RUH - Khaleej | F78: Occupied | G78: 28.95 | H78: 4.0m | I78: 4973 | J78: 7250 | K78: 6000 | L78: 0066T0000184tJ4QAI | M78: TAO - KLG | N78: Mohammed Alotaibi | O78: 1st | P78: East | Q78: =SUM(COUNTIF(F78,"Occupied"),Countif(F78,"Churning"),Countif(F78,"Sold"),COUNTIFS(F78,"Vacant",M78,"<>")) -> 1
... A81: SA - RUH - Sweidi | B81: Hot | C81: C | D81: a1L5G000004TzjcUAC | E81: K02 (Hot) - SA - RUH - Sweidi | F81: Occupied | G81: 15.6 | H81: 3.0m | I81: 5700 | J81: 7450 | K81: 6600 | L81: 0066T000018bs7UQAQ | M81: TAO - SWD | N81: Mohammed Alotaibi | O81: GF | P81: South West | Q81: =SUM(COUNTIF(F81,"Occupied"),Countif(F81,"Churning"),Countif(F81,"Sold"),COUNTIFS(F81,"Vacant",M81,"<>")) -> 1
A82: SA - KBR - Aqrabiya | B82: Cold | C82: Cold | D82: a1L5G000004NYILUA4 | E82: K23 (Cold) - SA - KBR - Aqrabiya | F82: Occupied | G82: 17.44 | H82: Cold | I82: 2490 | J82: 2900 | K82: 3000 | L82: 0066T000019ERjEQAW | M82: Mol10 KSA (Member Transfer) | N82: Osama Eliewa | O82: 2nd Floor | Q82: =SUM(COUNTIF(F82,"Occupied"),Countif(F82,"Churning"),Countif(F82,"Sold"),COUNTIFS(F82,"Vacant",M82,"<>")) -> 1
A83: SA - RUH - Khaleej | B83: Cold | C83: Cold | D83: a1L5G000004NSi6UAG | E83: K19 (Cold) - SA - RUH - Khaleej | F83: Occupied | G83: 10.09 | H83: Cold | I83: 1652 | J83: 2400 | K83: 2050 | L83: 0066T000019FA3mQAG | M83: Diplomat - KHL | N83: Jad Hajjar | O83: 1st | P83: East | Q83: =SUM(COUNTIF(F83,"Occupied"),Countif(F83,"Churning"),Countif(F83,"Sold"),COUNTIFS(F83,"Vacant",M83,"<>")) -> 1
A84: SA - RUH - Khaleej | B84: Hot | C84: B | D84: a1L5G000004NSiEUAW | E84: K27 (Hot) - SA - RUH - Khaleej | F84: Occupied | G84: 13.04 | H84: 2.4m | I84: 3113 | J84: 4550 | K84: 3800 | L84: 0066T000019GB3vQAG | M84: Cosmo Cafe - Khaleej - KSA | N84: Ahmed Alghamdi | O84: 1st | P84: East | Q84: =SUM(COUNTIF(F84,"Occupied"),Countif(F84,"Churning"),Countif(F84,"Sold"),COUNTIFS(F84,"Vacant",M84,"<>")) -> 1
A85: SA - RUH - Aqiq | B85: Hot | C85: D | D85: a1L5G000004NsYcUAK | E85: K11 (Hot) - SA - RUH - Aqiq | F85: Occupied | G85: 19.46 | H85: 4.0m | I85: 6648 | J85: 9000 | K85: 8000 | L85: 0066T000019HDVhQAO | M85: Raed Startup | N85: Omar Joumaa | O85: 1st | P85: North West | Q85: =SUM(COUNTIF(F85,"Occupied"),Countif(F85,"Churning"),Countif(F85,"Sold"),COUNTIFS(F85,"Vacant",M85,"<>")) -> 1
A86: SA - RUH - Aqiq | B86: Cold | C86: Cold | D86: a1L5G000004NsYTUA0 | E86: K18 (Cold) - SA - RUH - Aqiq | F86: Occupied | G86: 8.66 | H86: Cold | I86: 2885 | J86: 3900 | K86: 3500 | L86: 0066T00001A4pZpQAJ | M86: Muneera Aabdullah Startup | N86: Mohammed Alalyani | O86: 2nd | P86: North West | Q86: =SUM(COUNTIF(F86,"Occupied"),Countif(F86,"Churning"),Countif(F86,"Sold"),COUNTIFS(F86,"Vacant",M86,"<>")) -> 1
A87: SA - RUH - Malga (2) | B87: Hot | C87: C | D87: a1L5G000004OE0PUAW | E87: K01 (Hot) - SA - RUH - Malga 2 | F87: Occupied | G87: 17.19 | H87: 3.0m | I87: 5494 | J87: 7700 | K87: 6600 | L87: 0066T00001A5klCQAR | M87: BIRD (MEMBER TRANSFER) | N87: Ihab Ghoussainy | O87: GF | P87: North West | Q87: =SUM(COUNTIF(F87,"Occupied"),Countif(F87,"Churning"),Countif(F87,"Sold"),COUNTIFS(F87,"Vacant",M87,"<>")) -> 1
A88: SA - RUH - Malga (2) | B88: Cold | C88: Cold | D88: a1L5G000004OE0ZUAW | E88: K20 (Cold) - SA - RUH - Malga 2 | F88: Occupied | G88: 9.63 | H88: Cold | I88: 3194 | J88: 4500 | K88: 3850 | L88: 0066T00001AsHoJQAV | M88: Crunch Bakery Malga 2 | N88: Shiraz Ali | O88: 1st | P88: North West | Q88: =SUM(COUNTIF(F88,"Occupied"),Countif(F88,"Churning"),Countif(F88,"Sold"),COUNTIFS(F88,"Vacant",M88,"<>")) -> 1
A89: SA - RUH - Malga (1) | B89: Hot | C89: F | D89: a1L5G000004NKhiUAG | E89: K05 (Hot) - SA - RUH - Malga 1 | F89: Occupied | G89: 22.9 | H89: 4.0m | I89: 6867 | J89: 9650 | K89: 8300 | L89: 0066T00001AsrQ5QAJ | M89: TAO - Malga (MEMBER TRANSFER) | N89: Mohammed Alotaibi | O89: GF | P89: North West | Q89: =SUM(COUNTIF(F89,"Occupied"),Countif(F89,"Churning"),Countif(F89,"Sold"),COUNTIFS(F89,"Vacant",M89,"<>")) -> 1
A90: SA - RUH - King Fahd | B90: Hot | C90: E | D90: a1L5G000004NtPNUA0 | E90: K05 (Hot) - SA - RUH - King Fahd | F90: Occupied | G90: 20.7 | H90: 4.0m | I90: 6499 | J90: 7800 | K90: 7800 | L90: 0066T00001AuxztQAB | M90: Section-B (Member Transfer) | N90: Osama Eliewa | O90: GF | P90: Center | Q90: =SUM(COUNTIF(F90,"Occupied"),Countif(F90,"Churning"),Countif(F90,"Sold"),COUNTIFS(F90,"Vacant",M90,"<>")) -> 1
A91: SA - RUH - Sweidi | B91: Hot | C91: C | D91: a1L5G000004TzkkUAC | E91: K14 (Hot) - SA - RUH - Sweidi | F91: Occupied | G91: 15 | H91: 3.0m | I91: 5150 | J91: 6700 | K91: 6000 | L91: 0066T00001BPrRZQA1 | M91: Dar Al Raeda- Sweidi | N91: Abir Salame | O91: Mez | P91: South West | Q91: =SUM(COUNTIF(F91,"Occupied"),Countif(F91,"Churning"),Countif(F91,"Sold"),COUNTIFS(F91,"Vacant",M91,"<>")) -> 1
A92: SA - RUH - Aqiq | B92: Hot | C92: D | D92: a1L5G000004NsYnUAK | E92: K13 (Hot) - SA - RUH - Aqiq | F92: Occupied | G92: 19.6 | H92: 4.0m | I92: 6648 | J92: 9000 | K92: 8000 | L92: 0066T00001BSjcOQAT | M92: Lolivo - Aqiq KSA | N92: Ahmad Abdulkareem | O92: 1st | P92: North West | Q92: =SUM(COUNTIF(F92,"Occupied"),Countif(F92,"Churning"),Countif(F92,"Sold"),COUNTIFS(F92,"Vacant",M92,"<>")) -> 1
A93: SA - DMM - Zuhur | B93: Hot | C93: X | D93: a1L5G000004NechUAC | E93: K14 (CPU) - SA - DMM - Zuhur | F93: Occupied | G93: 62.84 | H93: 4.0m | I93: 7150 | J93: 8600 | K93: 8600 | L93: 0066T00001BT9j8QAD | M93: Arabian Food - Zohor 2 | N93: Mussad Al-battah | O93: 1st Floor | Q93: =SUM(COUNTIF(F93,"Occupied"),Countif(F93,"Churning"),Countif(F93,"Sold"),COUNTIFS(F93,"Vacant",M93,"<>")) -> 1
A94: SA - RUH - Wadi | B94: Hot | C94: E | D94: a1L5G000004TzpGUAS | E94: K18 (Hot) - SA - RUH - Wadi | F94: Occupied | G94: 20.8 | H94: 2.4m | I94: 7514 | J94: 7550 | K94: 9100 | L94: 0066T00001BTUCuQAP | M94: Section-B (Member Transfer) | N94: Osama Eliewa | O94: G | P94: North | Q94: =SUM(COUNTIF(F94,"Occupied"),Countif(F94,"Churning"),Countif(F94,"Sold"),COUNTIFS(F94,"Vacant",M94,"<>")) -> 1
A95: SA - RUH - Malga (1) | B95: Cold | C95: Cold | D95: a1L5G000004NKhkUAG | E95: K07 (Cold) - SA - RUH - Malga 1 | F95: Occupied | G95: 10.4 | H95: Cold | I95: 3257 | J95: 4600 | K95: 4000 | L95: 0066T00001Be6onQAB | M95: Hamam Abdoh Grills - K7 - malga 1 - KSA | N95: Ahmed Alghamdi | O95: GF | P95: North West | Q95: =SUM(COUNTIF(F95,"Occupied"),Countif(F95,"Churning"),Countif(F95,"Sold"),COUNTIFS(F95,"Vacant",M95,"<>")) -> 1
A96: SA - RUH - Malga (1) | B96: Hot | C96: D | D96: a1L5G000004NKhhUAG | E96: K04 (Hot) - SA - RUH - Malga 1 | F96: Occupied | G96: 17.6 | H96: 3.0m | I96: 6437 | J96: 9050 | K96: 7750 | L96: 0066T00001Be6p2QAB | M96: Hamam Abdoh Grills - K4 - malga 1 - KSA | N96: Ahmed Alghamdi | O96: GF | P96: North West | Q96: =SUM(COUNTIF(F96,"Occupied"),Countif(F96,"Churning"),Countif(F96,"Sold"),COUNTIFS(F96,"Vacant",M96,"<>")) -> 1
A97: SA - KBR - Aqrabiya | B97: Hot | C97: F | D97: a1L5G000004NYHzUAO | E97: K01 (Hot) - SA - KBR - Aqrabiya | F97: Occupied | G97: 23.57 | H97: 3.0m | I97: 5490 | J97: 6350 | K97: 6600 | L97: 0066T00001BfcSZQAZ | M97: TAO - Aqrabiya | N97: Omar Joumaa | O97: GF | Q97: =SUM(COUNTIF(F97,"Occupied"),Countif(F97,"Churning"),Countif(F97,"Sold"),COUNTIFS(F97,"Vacant",M97,"<>")) -> 1
A98: SA - DMM - Rawda | B98: Hot | C98: F | D98: a1L6T00000iJ1EGUA0 | E98: K02 (Hot) - SA - DMM - Rawda | F98: Occupied | G98: 22.54 | H98: 4.0m | I98: 4000 | J98: 4800 | K98: 4800 | L98: 0066T00001BfcU6QAJ | M98: Tao (DMM RWD) | N98: Yousif Almohammedali | O98: GF | Q98: =SUM(COUNTIF(F98,"Occupied"),Countif(F98,"Churning"),Countif(F98,"Sold"),COUNTIFS(F98,"Vacant",M98,"<>")) -> 1
A99: SA - RUH - Jarir | B99: Hot | C99: F | D99: a1L6T00000jr3nTUAQ | E99: K13 (Hot) - SA - RUH - Jarir | F99: Occupied | G99: 22.59 | H99: 4.0m | I99: 5600 | J99: 5600 | K99: 6500 | L99: 0066T00001Bz180QAB | M99: TAO - jarir | N99: Ahmed Alghamdi | O99: 1st Floor | P99: South | Q99: =SUM(COUNTIF(F99,"Occupied"),Countif(F99,"Churning"),Countif(F99,"Sold"),COUNTIFS(F99,"Vacant",M99,"<>")) -> 1
A100: SA - DMM - Rawda | B100: Hot | C100: D | D100: a1L6T00000iJ1E7UAK | E100: K10 (Hot) - SA - DMM - Rawda | F100: Occupied | G100: 18.81 | H100: 3.0m | I100: 3400 | J100: 4100 | K100: 4100 | L100: 0066T00001BzizMQAR | M100: Molten - Member Transfer | N100: Osama Eliewa | O100: GF | Q100: =SUM(COUNTIF(F100,"Occupied"),Countif(F100,"Churning"),Countif(F100,"Sold"),COUNTIFS(F100,"Vacant",M100,"<>")) -> 1
A101: SA - RUH - Malga (1) | B101: Hot | C101: E | D101: a1L5G000004NKhnUAG | E101: K10 (Hot) - SA - RUH - Malga 1 | F101: Occupied | G101: 19.3 | H101: 3.0m | I101: 6437 | J101: 9050 | K101: 7750 | L101: 0066T00001CHTH7QAP | M101: Indian Palace - Indian Island - Samakatee | N101: Hamed Alrehaili | O101: 1st Floor | P101: North West | Q101: =SUM(COUNTIF(F101,"Occupied"),Countif(F101,"Churning"),Countif(F101,"Sold"),COUNTIFS(F101,"Vacant",M101,"<>")) -> 1
A102: SA - RUH - Aqiq | B102: Cold | C102: Cold | D102: a1L5G000004NsYRUA0 | E102: K19 (Cold) - SA - RUH - Aqiq | F102: Occupied | G102: 9.22 | H102: Cold | I102: 2885 | J102: 3900 | K102: 3500 | L102: 0066T00001CHXrEQAX | M102: Soft Spot Desserts SA- | N102: Osama Eliewa | O102: 2nd | P102: North West | Q102: =SUM(COUNTIF(F102,"Occupied"),Countif(F102,"Churning"),Countif(F102,"Sold"),COUNTIFS(F102,"Vacant",M102,"<>")) -> 1
A103: SA - RUH - Dahrat Laban | B103: Hot | C103: D | D103: a1L5G000004Tzm7UAC | E103: K09 (Hot) - SA - RUH - Dahrat Laban | F103: Occupied | G103: 17.2 | H103: 3.0m | I103: 5516 | J103: 5550 | K103: 6700 | L103: 0066T00001CsjWgQAJ | M103: Indian Island | N103: Hamed Alrehaili | O103: GF | P103: South West | Q103: =SUM(COUNTIF(F103,"Occupied"),Countif(F103,"Churning"),Countif(F103,"Sold"),COUNTIFS(F103,"Vacant",M103,"<>")) -> 1
A104: SA - RUH - King Fahd | B104: Cold | C104: Cold | D104: a1L5G000004NtPXUA0 | E104: K09 (Cold) - SA - RUH - King Fahd | F104: Occupied | G104: 9.95 | H104: Cold | I104: 2838 | J104: 3450 | K104: 3450 | L104: 0066T00001Ct91EQAR | M104: Cref cookies | N104: Ahmad Abdulkareem | O104: GF | P104: Center | Q104: =SUM(COUNTIF(F104,"Occupied"),Countif(F104,"Churning"),Countif(F104,"Sold"),COUNTIFS(F104,"Vacant",M104,"<>")) -> 1
A105: SA - RUH - Khaleej | B105: Cold | C105: Cold | D105: a1L6T00000iIryFUAS | E105: K14 (Cold) - SA - RUH - Khaleej | F105: Occupied | G105: 9 | H105: Cold | I105: 1652 | J105: 2400 | K105: 2050 | L105: 0066T00001CtK2vQAF | M105: Eye Wink Donut - KSA - KHALEEJ | N105: Omar Joumaa | O105: GF | P105: East | Q105: =SUM(COUNTIF(F105,"Occupied"),Countif(F105,"Churning"),Countif(F105,"Sold"),COUNTIFS(F105,"Vacant",M105,"<>")) -> 1
A106: SA - RUH - Narjis | B106: Hot | C106: F | D106: a1L6T00000iJA2IUAW | E106: K08 (Hot) - SA - RUH - Narjis | F106: Occupied | G106: 23.06 | H106: 4.0m | I106: 8300 | J106: 9550 | K106: 10000 | L106: 0066T00001CtaGGQAZ | M106: Indian Island | N106: Hamed Alrehaili | O106: 1st | P106: North | Q106: =SUM(COUNTIF(F106,"Occupied"),Countif(F106,"Churning"),Countif(F106,"Sold"),COUNTIFS(F106,"Vacant",M106,"<>")) -> 1
A107: SA - AHS - Hofuf | B107: Cold | C107: Cold | D107: a1L6T00000iJLZfUAO | E107: K08 (Cold)- KSA - AHS- Hofuf | F107: Occupied | G107: 10.55 | H107: N/A | I107: 1822.08 | J107: 1500 | K107: 3500 | L107: 0066T00001CtbF1QAJ | M107: avon cake | N107: Ahmad El-Basst | O107: GF | Q107: =SUM(COUNTIF(F107,"Occupied"),Countif(F107,"Churning"),Countif(F107,"Sold"),COUNTIFS(F107,"Vacant",M107,"<>")) -> 1
A108: SA - RUH - Khaleej | B108: Hot | C108: D | D108: a1L5G000004NShzUAG | E108: K06 (Hot) - SA - RUH - Khaleej | F108: Occupied | G108: 18.24 | H108: 3.0m | I108: 3944 | J108: 5750 | K108: 4750 | L108: 0066T00001D6yzEQAR | M108: Section-B | N108: Osama Eliewa | O108: GF | P108: East | Q108: =SUM(COUNTIF(F108,"Occupied"),Countif(F108,"Churning"),Countif(F108,"Sold"),COUNTIFS(F108,"Vacant",M108,"<>")) -> 1
A109: SA - QSM - Al Bishr | B109: CPU | C109: X | D109: a1L6T00000d2NFLUA2 | E109: K02 (CPU) - SA - RUH - QSM | F109: Occupied | G109: 45.97 | H109: 4.0m | I109: 4500 | J109: 3850 | K109: 5700 | L109: 0066T00001D6z16QAB | M109: TAO - Qassim 1 | N109: Omar Joumaa | O109: 1st | Q109: =SUM(COUNTIF(F109,"Occupied"),Countif(F109,"Churning"),Countif(F109,"Sold"),COUNTIFS(F109,"Vacant",M109,"<>")) -> 1
A110: SA - RUH - Dahrat Laban | B110: Hot | C110: B | D110: a1L5G000004TzlxUAC | E110: K07 (Hot) - SA - RUH - Dahrat Laban | F110: Occupied | G110: 14.49 | H110: 2.4m | I110: 4666 | J110: 4700 | K110: 5650 | L110: 0066T00001EOEjNQAX | M110: Arabian Food Co. Dahrat Laban K17 | N110: Shiraz Ali | O110: GF | P110: South West | Q110: =SUM(COUNTIF(F110,"Occupied"),Countif(F110,"Churning"),Countif(F110,"Sold"),COUNTIFS(F110,"Vacant",M110,"<>")) -> 1
A111: SA - RUH - Sweidi | B111: Cold | C111: Cold | D111: a1L5G000004TzlEUAS | E111: K02 (Cold) - SA - RUH - Sweidi | F111: Occupied | G111: 9 | H111: Cold | I111: 3100 | J111: 4050 | K111: 3600 | L111: 0066T00001EOEkaQAH | M111: Arabian Food Co - Swidi | N111: Mussad Al-battah | O111: GF | P111: South West | Q111: =SUM(COUNTIF(F111,"Occupied"),Countif(F111,"Churning"),Countif(F111,"Sold"),COUNTIFS(F111,"Vacant",M111,"<>")) -> 1
A112: SA - RUH - King Fahd | B112: Hot | C112: B | D112: a1L5G000004NtPxUAK | E112: K18 (Hot) - SA - RUH - King Fahd | F112: Occupied | G112: 14.15 | H112: 2.4m | I112: 4851 | J112: 5850 | K112: 5900 | L112: 0066T00001EOEkpQAH | M112: TAO (KFD) | N112: Yousif Almohammedali | O112: 1st | P112: Center | Q112: =SUM(COUNTIF(F112,"Occupied"),Countif(F112,"Churning"),Countif(F112,"Sold"),COUNTIFS(F112,"Vacant",M112,"<>")) -> 1
A113: SA - RUH - Wadi | B113: Hot | C113: H | D113: a1L5G000004Tzq4UAC | E113: K28 (Hot) - SA - RUH - Wadi | F113: Occupied | G113: 29.9 | H113: 4.0m | I113: 10857 | J113: 10900 | K113: 13100 | L113: 0066T00001EPCEIQA5 | M113: The Bakery & Company - Member Transfer | N113: Ahmed Alghamdi | O113: 1st | P113: North | Q113: =SUM(COUNTIF(F113,"Occupied"),Countif(F113,"Churning"),Countif(F113,"Sold"),COUNTIFS(F113,"Vacant",M113,"<>")) -> 1
...

Sheet SF Churn Data
A1: Account Name | B1: Type | C1: Category | D1: Kitchen Number ID 18 | E1: Kitchen Number Name | F1: Status | G1: Kitchen Size (Sq. Meters) | H1: Hood Size | I1: Floor Price | J1: MSRP | K1: Activation Fee | L1: Opportunity ID 18 | M1: Opportunity Name | N1: Opportunity Owner: Full Name | O1: Floor | P1: Electric Load (kW) | Q1: Gas Load (kW) | R1: Churn Date
A2: SA - RUH - Malga (2) | B2: Hot | C2: B | D2: a1L5G000004OE0LUAW | E2: K09 (Hot) - SA - RUH - Malga 2 | F2: Churning | G2: 11.75 | H2: 2.4m | I2: 4684 | J2: 4850 | K2: 5650 | L2: 006VO00000ZCdO1YAL | M2: Shawaya House, Malga2 - Churn Transfer | N2: Mohammad Khair Bezzi | O2: GF | P2: 40 Amps | Q2: 37 mBar | R2: 46064
A3: SA - AHS - Hofuf | B3: Hot | C3: B | D3: a1L6T00000iJLZdUAO | E3: K06 (Hot)- KSA - AHS- Hofuf | F3: Churning | G3: 14.78 | H3: 2.4m Hood | I3: 2975.44 | J3: 3100 | K3: 3500 | L3: 006VO00000ZmYb7YAF | M3: La Creperie - Member Transfer - Member Transfer | N3: Riyad Ali | O3: GF | P3: 40 Amps | Q3: 37 mBar | R3: 46065
A4: SA - RUH - Yasmin | B4: Cold | C4: Cold | D4: a1L6T00000iJdvcUAC | E4: K10 (Cold) - SA - RUH - Yasmin | F4: Churning | G4: 12.04 | H4: Cold | I4: 3900 | J4: 4050 | L4: 006VO000003UM4bYAG | M4: Fudge & Co | N4: Osama Eliewa | O4: 1st | R4: 46068
A5: SA - RUH - Qurtoba | B5: Hot | C5: F | D5: a1L5G000004TzsoUAC | E5: K16 (Hot) SA - RUH - Qurtoba | F5: Churning | G5: 22 | H5: 2.4m | I5: 6090 | J5: 6300 | K5: 7350 | L5: 006VO000009CLQDYA4 | M5: Taj Holding - (QUR) | N5: Yousif Almohammedali | O5: G | P5: 40 Amps | Q5: 37 mBar | R5: 46068
A6: SA - RUH - Qurtoba | B6: Hot | C6: C | D6: a1L5G000004TzsPUAS | E6: K10 (Hot) SA - RUH - Qurtoba | F6: Churning | G6: 16 | H6: 2.4m | I6: 4799 | J6: 4950 | K6: 5800 | L6: 006VO00000ZOfttYAD | M6: Asrar Basitah Company (Asrar Al Chef - Chef Secrets) | N6: Mohammad Khair Bezzi | O6: G | P6: 40 Amps | Q6: 37 mBar | R6: 46068
A7: SA - RUH - Yasmin | B7: Hot | C7: D | D7: a1L6T00000iJdvVUAS | E7: K03 (Hot) - SA - RUH - Yasmin | F7: Churning | G7: 18.84 | H7: 3.0m | I7: 6200 | J7: 6400 | L7: 006VO00000UVN5VYAX | M7: Romeno, Yasmin | N7: Mohammad Khair Bezzi | O7: 1st | R7: 46073
A8: SA - QSM - Al Bishr | B8: Hot | C8: E | D8: a1L6T00000d2MvuUAE | E8: K13 (Hot) - SA - RUH - QSM | F8: Churning | G8: 21.06 | H8: 3.0m | I8: 3229 | J8: 3350 | K8: 3900 | L8: 006VO00000HIKMfYAP | M8: Subway - Sharidah Group | N8: Shiraz Ali | O8: 2nd | P8: 40 Amps | Q8: 37 mBar | R8: 46078
A9: SA - KBR - Aqrabiya | B9: Hot | C9: C | D9: a1L5G000004NYIDUA4 | E9: K15 (Hot) - SA - KBR - Aqrabiya | F9: Churning | G9: 15.67 | H9: 2.4m | I9: 4250 | J9: 4400 | K9: 5100 | L9: 006VO00000AqxkdYAB | M9: Deboned (KBR) - Delayed Transfer | N9: Yousif Almohammedali | O9: 1st Floor | P9: 40 Amps | Q9: 37 mBar | R9: 46081
A10: SA - KBR - Aqrabiya | B10: Hot | C10: C | D10: a1L5G000004NYIEUA4 | E10: K16 (Hot) - SA - KBR - Aqrabiya | F10: Churning | G10: 15.43 | H10: 2.4m | I10: 4250 | J10: 4400 | K10: 5100 | L10: 006VO00000Ar4FpYAJ | M10: Deboned KSA (KBR) - Delayed Transfer | N10: Yousif Almohammedali | O10: 1st Floor | P10: 40 Amps | Q10: 37 mBar | R10: 46081
A11: SA - DMM - Zuhur | B11: Hot | C11: G | D11: a1L5G000004NecqUAC | E11: K22 (Hot) - SA - DMM - Zuhur | F11: Churning | G11: 24.71 | H11: 4.0m | I11: 4750 | J11: 4900 | K11: 5700 | L11: 006VO00000GJYzFYAX | M11: Deboned.KSA (Zuhur) - Delayed Transfer - Member Transfer | N11: Yousif Almohammedali | O11: 1st Floor | P11: 40 Amps | Q11: 37 mBar | R11: 46081
A12: SA - RUH - Malga (2) | B12: Hot | C12: C | D12: a1L5G000004OE0RUAW | E12: K19 (Hot) - SA - RUH - Malga 2 | F12: Churning | G12: 15.6 | H12: 3.0m | I12: 5494 | J12: 5700 | K12: 6600 | L12: 006VO00000Tz6EIYAZ | M12: KSTRD | N12: Mussad Al-battah | O12: 1st | P12: 40 Amps | Q12: 37 mBar | R12: 46081
A13: SA - RUH - Arid (2) | B13: Hot | C13: B | D13: a1LVO000004E9Nh2AK | E13: K05 (Hot) - SA - RUH - Arid (2) | F13: Churning | G13: 14.04 | H13: 2.4m | I13: 6000 | L13: 006VO00000WCoTFYA1 | M13: Oregano Pizzeria Sweidi - Member Transfer - Member Transfer | N13: Shiraz Ali | O13: GF | R13: 46081
A14: SA - RUH - Wadi | B14: Hot | C14: D | D14: a1L5G000004TzoXUAS | E14: K07 (Hot) - SA - RUH - Wadi | F14: Churning | G14: 18.1 | H14: 2.4m | I14: 7096 | J14: 7350 | K14: 8550 | L14: 006VO00000ZSmlWYAT | M14: Jofenate - Dawood Ismail Start Up - Churn Transfer | N14: Yousif Almohammedali | O14: G | P14: 40 Amps | Q14: 37 mBar | R14: 46081
A15: SA - RUH - Wadi | B15: Hot | C15: E | D15: a1L5G000004TzpbUAC | E15: K45 (Hot) - SA - RUH - Wadi | F15: Churning | G15: 20.8 | H15: 2.4m | I15: 7514 | J15: 7750 | K15: 9100 | L15: 0065G00000aFhMaQAK | M15: Elfeshawy Restaurant | N15: Osama Eliewa | O15: 1st | P15: 40 Amps | Q15: 37 mBar | R15: 46082
A16: SA - RUH - Qurtoba | B16: Hot | C16: D | D16: a1L5G000004TztDUAS | E16: K22 (Hot) SA - RUH - Qurtoba | F16: Churning | G16: 17 | H16: 2.4m | I16: 5731 | J16: 5950 | K16: 6900 | L16: 006VO00000PK6UJYA1 | M16: Brisket SA - Member Transfer - Member Transfer | N16: Ihab Ghoussainy | O16: G | P16: 40 Amps | Q16: 37 mBar | R16: 46082
A17: SA - RUH - Wadi | B17: Hot | C17: D | D17: a1L5G000004TzoIUAS | E17: K04 (Hot) - SA - RUH - Wadi | F17: Churning | G17: 18.1 | H17: 2.4m | I17: 7096 | J17: 7350 | K17: 8550 | L17: 006VO00000SljHjYAJ | M17: Cassaro | N17: Shiraz Ali | O17: G | P17: 40 Amps | Q17: 37 mBar | R17: 46082
A18: SA - RUH - Malga (1) | B18: Cold | C18: Cold | D18: a1L5G000004NKhmUAG | E18: K09 (Cold) - SA - RUH - Malga 1 | F18: Churning | G18: 10.4 | H18: Cold | I18: 3257 | J18: 3400 | K18: 4000 | L18: 006VO00000Szll3YAB | M18: Planet Donuts KSA | N18: Ahmad El-Basst | O18: 2nd Floor | P18: 30 Amps | Q18: N/A | R18: 46082
A19: SA - RUH - Qurtoba | B19: Cold | C19: Cold | D19: a1L5G000004TzuuUAC | E19: K02 (Cold) SA - RUH - Qurtoba | F19: Churning | G19: 11 | H19: Cold | I19: 3580 | J19: 3700 | K19: 4350 | L19: 006VO00000VnZvtYAF | M19: Planet Donuts KSA | N19: Ahmad El-Basst | O19: G | P19: 30 Amps | Q19: N/A | R19: 46082
A20: SA - RUH - Olaya | B20: Hot | C20: C | D20: a1L5G000004Tzj8UAC | E20: K16 (Hot) - SA - RUH - Olaya | F20: Churning | G20: 16 | H20: 2.4m | I20: 8592 | J20: 8850 | K20: 10350 | L20: 006VO00000XAZEPYA5 | M20: Farmeez Bakery & Sweet - Flavors & More, Olaya | N20: Mohammad Khair Bezzi | O20: 1st | P20: 40 Amps | Q20: 37 mBar | R20: 46082
A21: SA - RUH - Khaleej | B21: Hot | C21: D | D21: a1L5G000004NSi3UAG | E21: K16 (Hot) - SA - RUH - Khaleej | F21: Churning | G21: 19.55 | H21: 3.0m | I21: 3944 | J21: 4100 | K21: 4750 | L21: 006VO00000XAa2PYAT | M21: Farmeez Bakery & Sweet - Flavors & More, Khaleej | N21: Mohammad Khair Bezzi | O21: 1st | P21: 40 Amps | Q21: 37 mBar | R21: 46082
A22: SA - RUH - Dahrat Laban | B22: Hot | C22: B | D22: a1L5G000004TzmgUAC | E22: K16 (Hot) - SA - RUH - Dahrat Laban | F22: Churning | G22: 14.54 | H22: 2.4m | I22: 4666 | J22: 4850 | K22: 5650 | L22: 006VO00000bVrHGYA0 | M22: Kabab hub - Member Transfer | N22: Ahmad El-Basst | O22: Mez | P22: 40 Amps | Q22: 37 mBar | R22: 46082
A23: SA - RUH - Qurtoba | B23: Hot | C23: C | D23: a1L5G000004TzstUAC | E23: K18 (Hot) SA - RUH - Qurtoba | F23: Churning | G23: 16 | H23: 2.4m | I23: 4799 | J23: 4950 | K23: 5800 | L23: 006VO00000bVsZtYAK | M23: Roma company Kebab hub - Well done - Member Transfer | N23: Ahmad El-Basst | O23: G | P23: 40 Amps | Q23: 37 mBar | R23: 46082
A24: SA - RUH - Khaleej | B24: Hot | C24: A | D24: a1L5G000004NSiDUAW | E24: K26 (Hot) - SA - RUH - Khaleej | F24: Churning | G24: 11.97 | H24: 2.0m | I24: 2482 | J24: 2600 | K24: 3000 | L24: 006VO00000bb4x1YAA | M24: Planet Donuts KSA - Member Transfer | N24: Ahmad El-Basst | O24: 1st | P24: 40 Amps | Q24: 37 mBar | R24: 46082
A25: SA - DMM - Rawda | B25: Hot | C25: C | D25: a1L6T00000iJ1ELUA0 | E25: K12 (Hot) - SA - DMM - Rawda | F25: Churning | G25: 15.44 | H25: 2.4m | I25: 3150 | J25: 3250 | K25: 3700 | L25: 006VO00000LKloIYAT | M25: AlYasmen Company - Churn Transfer | N25: Mussad Al-battah | O25: 1st | P25: 40 Amps | Q25: 37 mBar | R25: 46085
... A35: SA - DMM - Rawda | B35: Hot | C35: F | D35: a1L6T00000iJ1EPUA0 | E35: K06 (Hot) - SA - DMM - Rawda | F35: Churning | G35: 22.69 | H35: 4.0m | I35: 4150 | J35: 4300 | K35: 4800 | L35: 006VO000007SnY1YAK | M35: TAKE | N35: Yousif Almohammedali | O35: GF | P35: 40 Amps | Q35: 37 mBar | R35: 46142

Sheet KSA Facility details
A1: =IFERROR(__xludf.DUMMYFUNCTION("IMPORTRANGE(""https://docs.google.com/spreadsheets/d/13fYxFebXtxNn_D_3MCocKQ0TNDUGI3oe20PQCwwHVIY/edit#gid=0"",""Saudi!A:Y"")"),"No.") -> No. | B1: =IFERROR(__xludf.DUMMYFUNCTION("""COMPUTED_VALUE"""),"Facility Code") -> Facility Code | C1: =IFERROR(__xludf.DUMMYFUNCTION("""COMPUTED_VALUE"""),"UR sheet") -> UR sheet | D1: =IFERROR(__xludf.DUMMYFUNCTION("""COMPUTED_VALUE"""),"Facility name") -> Facility name | E1: =IFERROR(__xludf.DUMMYFUNCTION("""COMPUTED_VALUE"""),"Kitchens") -> Kitchens | F1: =IFERROR(__xludf.DUMMYFUNCTION("""COMPUTED_VALUE"""),"Partial Go Live Date") -> Partial Go Live Date | G1: =IFERROR(__xludf.DUMMYFUNCTION("""COMPUTED_VALUE"""),"Full Go Live Date") -> Full Go Live Date | H1: =IFERROR(__xludf.DUMMYFUNCTION("""COMPUTED_VALUE"""),"Status") -> Status | I1: =IFERROR(__xludf.DUMMYFUNCTION("""COMPUTED_VALUE"""),"Location") -> Location | J1: =IFERROR(__xludf.DUMMYFUNCTION("""COMPUTED_VALUE"""),"Layout") -> Layout | K1: =IFERROR(__xludf.DUMMYFUNCTION("""COMPUTED_VALUE"""),"LODs") -> LODs | L1: =IFERROR(__xludf.DUMMYFUNCTION("""COMPUTED_VALUE"""),"SF Update") -> SF Update | M1: =IFERROR(__xludf.DUMMYFUNCTION("""COMPUTED_VALUE"""),"Retail Space") -> Retail Space | N1: =IFERROR(__xludf.DUMMYFUNCTION("""COMPUTED_VALUE"""),"Address") -> Address
A2: =IFERROR(__xludf.DUMMYFUNCTION("""COMPUTED_VALUE"""),1.0) -> 1 | B2: =IFERROR(__xludf.DUMMYFUNCTION("""COMPUTED_VALUE"""),"SA - RUH - Qurtoba") -> SA - RUH - Qurtoba | C2: =IFERROR(__xludf.DUMMYFUNCTION("""COMPUTED_VALUE"""),"Link") -> Link | D2: =IFERROR(__xludf.DUMMYFUNCTION("""COMPUTED_VALUE"""),"Qurtoba") -> Qurtoba | E2: =IFERROR(__xludf.DUMMYFUNCTION("""COMPUTED_VALUE"""),52.0) -> 52 | F2: =IFERROR(__xludf.DUMMYFUNCTION("""COMPUTED_VALUE"""),"-") -> - | G2: =IFERROR(__xludf.DUMMYFUNCTION("""COMPUTED_VALUE"""),44090.0) -> 44090 | H2: =IFERROR(__xludf.DUMMYFUNCTION("""COMPUTED_VALUE"""),"Live") -> Live | I2: =IFERROR(__xludf.DUMMYFUNCTION("""COMPUTED_VALUE"""),"Link") -> Link | J2: =IFERROR(__xludf.DUMMYFUNCTION("""COMPUTED_VALUE"""),"Link") -> Link | K2: =IFERROR(__xludf.DUMMYFUNCTION("""COMPUTED_VALUE"""),"Link") -> Link | L2: =IFERROR(__xludf.DUMMYFUNCTION("""COMPUTED_VALUE"""),TRUE) -> TRUE | M2: =IFERROR(__xludf.DUMMYFUNCTION("""COMPUTED_VALUE"""),FALSE) -> FALSE | N2: =IFERROR(__xludf.DUMMYFUNCTION("""COMPUTED_VALUE"""),"RPCJ+54 Qurtubah, Riyadh Saudi Arabia") -> RPCJ+54 Qurtubah, Riyadh Saudi Arabia
A3: =IFERROR(__xludf.DUMMYFUNCTION("""COMPUTED_VALUE"""),2.0) -> 2 | B3: =IFERROR(__xludf.DUMMYFUNCTION("""COMPUTED_VALUE"""),"SA - RUH - Wadi") -> SA - RUH - Wadi | C3: =IFERROR(__xludf.DUMMYFUNCTION("""COMPUTED_VALUE"""),"Link") -> Link | D3: =IFERROR(__xludf.DUMMYFUNCTION("""COMPUTED_VALUE"""),"Wadi") -> Wadi | E3: =IFERROR(__xludf.DUMMYFUNCTION("""COMPUTED_VALUE"""),56.0) -> 56 | F3: =IFERROR(__xludf.DUMMYFUNCTION("""COMPUTED_VALUE"""),"-") -> - | G3: =IFERROR(__xludf.DUMMYFUNCTION("""COMPUTED_VALUE"""),44130.0) -> 44130 | H3: =IFERROR(__xludf.DUMMYFUNCTION("""COMPUTED_VALUE"""),"Live") -> Live | I3: =IFERROR(__xludf.DUMMYFUNCTION("""COMPUTED_VALUE"""),"Link") -> Link | J3: =IFERROR(__xludf.DUMMYFUNCTION("""COMPUTED_VALUE"""),"Link") -> Link | K3: =IFERROR(__xludf.DUMMYFUNCTION("""COMPUTED_VALUE"""),"Link") -> Link | L3: =IFERROR(__xludf.DUMMYFUNCTION("""COMPUTED_VALUE"""),TRUE) -> TRUE | M3: =IFERROR(__xludf.DUMMYFUNCTION("""COMPUTED_VALUE"""),FALSE) -> FALSE | N3: =IFERROR(__xludf.DUMMYFUNCTION("""COMPUTED_VALUE"""),"QMPJ+XR Al Wadi, Riyadh Saudi Arabia") -> QMPJ+XR Al Wadi, Riyadh Saudi Arabia
A4: =IFERROR(__xludf.DUMMYFUNCTION("""COMPUTED_VALUE"""),3.0) -> 3 | B4: =IFERROR(__xludf.DUMMYFUNCTION("""COMPUTED_VALUE"""),"SA - RUH - Olaya") -> SA - RUH - Olaya | C4: =IFERROR(__xludf.DUMMYFUNCTION("""COMPUTED_VALUE"""),"Link") -> Link | D4: =IFERROR(__xludf.DUMMYFUNCTION("""COMPUTED_VALUE"""),"Olaya") -> Olaya | E4: =IFERROR(__xludf.DUMMYFUNCTION("""COMPUTED_VALUE"""),22.0) -> 22 | F4: =IFERROR(__xludf.DUMMYFUNCTION("""COMPUTED_VALUE"""),"-") -> - | G4: =IFERROR(__xludf.DUMMYFUNCTION("""COMPUTED_VALUE"""),44168.0) -> 44168 | H4: =IFERROR(__xludf.DUMMYFUNCTION("""COMPUTED_VALUE"""),"Live") -> Live | I4: =IFERROR(__xludf.DUMMYFUNCTION("""COMPUTED_VALUE"""),"Link") -> Link | J4: =IFERROR(__xludf.DUMMYFUNCTION("""COMPUTED_VALUE"""),"Link") -> Link | K4: =IFERROR(__xludf.DUMMYFUNCTION("""COMPUTED_VALUE"""),"Link") -> Link | L4: =IFERROR(__xludf.DUMMYFUNCTION("""COMPUTED_VALUE"""),TRUE) -> TRUE | M4: =IFERROR(__xludf.DUMMYFUNCTION("""COMPUTED_VALUE"""),FALSE) -> FALSE | N4: =IFERROR(__xludf.DUMMYFUNCTION("""COMPUTED_VALUE"""),"MMVW+54 Al Olaya, Riyadh Saudi Arabia") -> MMVW+54 Al Olaya, Riyadh Saudi Arabia
A5: =IFERROR(__xludf.DUMMYFUNCTION("""COMPUTED_VALUE"""),4.0) -> 4 | B5: =IFERROR(__xludf.DUMMYFUNCTION("""COMPUTED_VALUE"""),"SA - RUH - Dahrat Laban") -> SA - RUH - Dahrat Laban | C5: =IFERROR(__xludf.DUMMYFUNCTION("""COMPUTED_VALUE"""),"Link") -> Link | D5: =IFERROR(__xludf.DUMMYFUNCTION("""COMPUTED_VALUE"""),"Dahrat Laban") -> Dahrat Laban | E5: =IFERROR(__xludf.DUMMYFUNCTION("""COMPUTED_VALUE"""),38.0) -> 38 | F5: =IFERROR(__xludf.DUMMYFUNCTION("""COMPUTED_VALUE"""),"-") -> - | G5: =IFERROR(__xludf.DUMMYFUNCTION("""COMPUTED_VALUE"""),44270.0) -> 44270 | H5: =IFERROR(__xludf.DUMMYFUNCTION("""COMPUTED_VALUE"""),"Live") -> Live | I5: =IFERROR(__xludf.DUMMYFUNCTION("""COMPUTED_VALUE"""),"Link") -> Link | J5: =IFERROR(__xludf.DUMMYFUNCTION("""COMPUTED_VALUE"""),"Link") -> Link | K5: =IFERROR(__xludf.DUMMYFUNCTION("""COMPUTED_VALUE"""),"Link") -> Link | L5: =IFERROR(__xludf.DUMMYFUNCTION("""COMPUTED_VALUE"""),TRUE) -> TRUE | M5: =IFERROR(__xludf.DUMMYFUNCTION("""COMPUTED_VALUE"""),FALSE) -> FALSE | N5: =IFERROR(__xludf.DUMMYFUNCTION("""COMPUTED_VALUE"""),"3160-3062 Taif Street, Dhahrat Laban, Riyadh 12553, Saudi Arabia") -> 3160-3062 Taif Street, Dhahrat Laban, Riyadh 12553, Saudi Arabia
A6: =IFERROR(__xludf.DUMMYFUNCTION("""COMPUTED_VALUE"""),5.0) -> 5 | B6: =IFERROR(__xludf.DUMMYFUNCTION("""COMPUTED_VALUE"""),"SA - RUH - Sweidi") -> SA - RUH - Sweidi | C6: =IFERROR(__xludf.DUMMYFUNCTION("""COMPUTED_VALUE"""),"Link") -> Link | D6: =IFERROR(__xludf.DUMMYFUNCTION("""COMPUTED_VALUE"""),"Suwaidi") -> Suwaidi | E6: =IFERROR(__xludf.DUMMYFUNCTION("""COMPUTED_VALUE"""),25.0) -> 25 | F6: =IFERROR(__xludf.DUMMYFUNCTION("""COMPUTED_VALUE"""),"-") -> - | G6: =IFERROR(__xludf.DUMMYFUNCTION("""COMPUTED_VALUE"""),44356.0) -> 44356 | H6: =IFERROR(__xludf.DUMMYFUNCTION("""COMPUTED_VALUE"""),"Live") -> Live | I6: =IFERROR(__xludf.DUMMYFUNCTION("""COMPUTED_VALUE"""),"Link") -> Link | J6: =IFERROR(__xludf.DUMMYFUNCTION("""COMPUTED_VALUE"""),"Link") -> Link | K6: =IFERROR(__xludf.DUMMYFUNCTION("""COMPUTED_VALUE"""),"Link") -> Link | L6: =IFERROR(__xludf.DUMMYFUNCTION("""COMPUTED_VALUE"""),TRUE) -> TRUE | M6: =IFERROR(__xludf.DUMMYFUNCTION("""COMPUTED_VALUE"""),FALSE) -> FALSE | N6: =IFERROR(__xludf.DUMMYFUNCTION("""COMPUTED_VALUE"""),"HMQC+J4H, As Suwaidi, Riyadh 12787, Saudi Arabia") -> HMQC+J4H, As Suwaidi, Riyadh 12787, Saudi Arabia
A7: =IFERROR(__xludf.DUMMYFUNCTION("""COMPUTED_VALUE"""),6.0) -> 6 | B7: =IFERROR(__xludf.DUMMYFUNCTION("""COMPUTED_VALUE"""),"SA - RUH - Malga (1)") -> SA - RUH - Malga (1) | C7: =IFERROR(__xludf.DUMMYFUNCTION("""COMPUTED_VALUE"""),"Link") -> Link | D7: =IFERROR(__xludf.DUMMYFUNCTION("""COMPUTED_VALUE"""),"Malga") -> Malga | E7: =IFERROR(__xludf.DUMMYFUNCTION("""COMPUTED_VALUE"""),21.0) -> 21 | F7: =IFERROR(__xludf.DUMMYFUNCTION("""COMPUTED_VALUE"""),"-") -> - | G7: =IFERROR(__xludf.DUMMYFUNCTION("""COMPUTED_VALUE"""),44642.0) -> 44642 | H7: =IFERROR(__xludf.DUMMYFUNCTION("""COMPUTED_VALUE"""),"Live") -> Live | I7: =IFERROR(__xludf.DUMMYFUNCTION("""COMPUTED_VALUE"""),"Link") -> Link | J7: =IFERROR(__xludf.DUMMYFUNCTION("""COMPUTED_VALUE"""),"Link") -> Link | K7: =IFERROR(__xludf.DUMMYFUNCTION("""COMPUTED_VALUE"""),"Link") -> Link | L7: =IFERROR(__xludf.DUMMYFUNCTION("""COMPUTED_VALUE"""),TRUE) -> TRUE | M7: =IFERROR(__xludf.DUMMYFUNCTION("""COMPUTED_VALUE"""),FALSE) -> FALSE | N7: =IFERROR(__xludf.DUMMYFUNCTION("""COMPUTED_VALUE"""),"4050 Nawar Valley, حي الملقا، Riyadh 13521 7813, Saudi Arabia") -> 4050 Nawar Valley, حي الملقا، Riyadh 13521 7813, Saudi Arabia
A8: =IFERROR(__xludf.DUMMYFUNCTION("""COMPUTED_VALUE"""),7.0) -> 7 | B8: =IFERROR(__xludf.DUMMYFUNCTION("""COMPUTED_VALUE"""),"SA - RUH - Khaleej") -> SA - RUH - Khaleej | C8: =IFERROR(__xludf.DUMMYFUNCTION("""COMPUTED_VALUE"""),"Link") -> Link | D8: =IFERROR(__xludf.DUMMYFUNCTION("""COMPUTED_VALUE"""),"Khaleej") -> Khaleej | E8: =IFERROR(__xludf.DUMMYFUNCTION("""COMPUTED_VALUE"""),35.0) -> 35 | F8: =IFERROR(__xludf.DUMMYFUNCTION("""COMPUTED_VALUE"""),"-") -> - | G8: =IFERROR(__xludf.DUMMYFUNCTION("""COMPUTED_VALUE"""),44805.0) -> 44805 | H8: =IFERROR(__xludf.DUMMYFUNCTION("""COMPUTED_VALUE"""),"Live") -> Live | I8: =IFERROR(__xludf.DUMMYFUNCTION("""COMPUTED_VALUE"""),"Link") -> Link | J8: =IFERROR(__xludf.DUMMYFUNCTION("""COMPUTED_VALUE"""),"Link") -> Link | K8: =IFERROR(__xludf.DUMMYFUNCTION("""COMPUTED_VALUE"""),"Link") -> Link | L8: =IFERROR(__xludf.DUMMYFUNCTION("""COMPUTED_VALUE"""),TRUE) -> TRUE | M8: =IFERROR(__xludf.DUMMYFUNCTION("""COMPUTED_VALUE"""),FALSE) -> FALSE | N8: =IFERROR(__xludf.DUMMYFUNCTION("""COMPUTED_VALUE"""),"RFKD3260, 3260 Shaikh Abdulaziz Ibn Abdulrahman Ibn Bishr, 8177، حي الخليج، Riyadh 13223, Saudi Arabia") -> RFKD3260, 3260 Shaikh Abdulaziz Ibn Abdulrahman Ibn Bishr, 8177، حي الخليج، Riyadh 13223, Saudi Arabia
A9: =IFERROR(__xludf.DUMMYFUNCTION("""COMPUTED_VALUE"""),8.0) -> 8 | B9: =IFERROR(__xludf.DUMMYFUNCTION("""COMPUTED_VALUE"""),"SA - KBR - Aqrabiya") -> SA - KBR - Aqrabiya | C9: =IFERROR(__xludf.DUMMYFUNCTION("""COMPUTED_VALUE"""),"Link") -> Link | D9: =IFERROR(__xludf.DUMMYFUNCTION("""COMPUTED_VALUE"""),"Aqrabiya") -> Aqrabiya | E9: =IFERROR(__xludf.DUMMYFUNCTION("""COMPUTED_VALUE"""),30.0) -> 30 | F9: =IFERROR(__xludf.DUMMYFUNCTION("""COMPUTED_VALUE"""),"-") -> - | G9: =IFERROR(__xludf.DUMMYFUNCTION("""COMPUTED_VALUE"""),44788.0) -> 44788 | H9: =IFERROR(__xludf.DUMMYFUNCTION("""COMPUTED_VALUE"""),"Live") -> Live | I9: =IFERROR(__xludf.DUMMYFUNCTION("""COMPUTED_VALUE"""),"Link") -> Link | J9: =IFERROR(__xludf.DUMMYFUNCTION("""COMPUTED_VALUE"""),"Link") -> Link | K9: =IFERROR(__xludf.DUMMYFUNCTION("""COMPUTED_VALUE"""),"Link") -> Link | L9: =IFERROR(__xludf.DUMMYFUNCTION("""COMPUTED_VALUE"""),TRUE) -> TRUE | M9: =IFERROR(__xludf.DUMMYFUNCTION("""COMPUTED_VALUE"""),FALSE) -> FALSE | N9: =IFERROR(__xludf.DUMMYFUNCTION("""COMPUTED_VALUE"""),"EKJC7086, 7086 Al Abrar, 3473، حي العقربية،, Al Khobar 34446, Saudi Arabia") -> EKJC7086, 7086 Al Abrar, 3473، حي العقربية،, Al Khobar 34446, Saudi Arabia
A10: =IFERROR(__xludf.DUMMYFUNCTION("""COMPUTED_VALUE"""),9.0) -> 9 | B10: =IFERROR(__xludf.DUMMYFUNCTION("""COMPUTED_VALUE"""),"SA - JED - Nahda") -> SA - JED - Nahda | C10: =IFERROR(__xludf.DUMMYFUNCTION("""COMPUTED_VALUE"""),"Link") -> Link | D10: =IFERROR(__xludf.DUMMYFUNCTION("""COMPUTED_VALUE"""),"Nahda") -> Nahda | E10: =IFERROR(__xludf.DUMMYFUNCTION("""COMPUTED_VALUE"""),29.0) -> 29 | F10: =IFERROR(__xludf.DUMMYFUNCTION("""COMPUTED_VALUE"""),"-") -> - | G10: =IFERROR(__xludf.DUMMYFUNCTION("""COMPUTED_VALUE"""),46035.0) -> 46035 | H10: =IFERROR(__xludf.DUMMYFUNCTION("""COMPUTED_VALUE"""),"Live") -> Live | I10: =IFERROR(__xludf.DUMMYFUNCTION("""COMPUTED_VALUE"""),"Link") -> Link | J10: =IFERROR(__xludf.DUMMYFUNCTION("""COMPUTED_VALUE"""),"Link") -> Link | K10: =IFERROR(__xludf.DUMMYFUNCTION("""COMPUTED_VALUE"""),"Link") -> Link | L10: =IFERROR(__xludf.DUMMYFUNCTION("""COMPUTED_VALUE"""),TRUE) -> TRUE | M10: =IFERROR(__xludf.DUMMYFUNCTION("""COMPUTED_VALUE"""),FALSE) -> FALSE | N10: =IFERROR(__xludf.DUMMYFUNCTION("""COMPUTED_VALUE"""),"At Tasni, An Nahdah, Jeddah 23523") -> At Tasni, An Nahdah, Jeddah 23523
A11: =IFERROR(__xludf.DUMMYFUNCTION("""COMPUTED_VALUE"""),10.0) -> 10 | B11: =IFERROR(__xludf.DUMMYFUNCTION("""COMPUTED_VALUE"""),"SA - JED - Safa") -> SA - JED - Safa | C11: =IFERROR(__xludf.DUMMYFUNCTION("""COMPUTED_VALUE"""),"Link") -> Link | D11: =IFERROR(__xludf.DUMMYFUNCTION("""COMPUTED_VALUE"""),"Safa") -> Safa | E11: =IFERROR(__xludf.DUMMYFUNCTION("""COMPUTED_VALUE"""),29.0) -> 29 | F11: =IFERROR(__xludf.DUMMYFUNCTION("""COMPUTED_VALUE"""),"-") -> - | G11: =IFERROR(__xludf.DUMMYFUNCTION("""COMPUTED_VALUE"""),45446.0) -> 45446 | H11: =IFERROR(__xludf.DUMMYFUNCTION("""COMPUTED_VALUE"""),"Live") -> Live | I11: =IFERROR(__xludf.DUMMYFUNCTION("""COMPUTED_VALUE"""),"Link") -> Link | J11: =IFERROR(__xludf.DUMMYFUNCTION("""COMPUTED_VALUE"""),"Link") -> Link | K11: =IFERROR(__xludf.DUMMYFUNCTION("""COMPUTED_VALUE"""),"Link") -> Link | L11: =IFERROR(__xludf.DUMMYFUNCTION("""COMPUTED_VALUE"""),TRUE) -> TRUE | M11: =IFERROR(__xludf.DUMMYFUNCTION("""COMPUTED_VALUE"""),FALSE) -> FALSE | N11: =IFERROR(__xludf.DUMMYFUNCTION("""COMPUTED_VALUE"""),"Prince Abdallah Al Sharbatli, Al-Safa, Jeddah 23455, Saudi Arabia") -> Prince Abdallah Al Sharbatli, Al-Safa, Jeddah 23455, Saudi Arabia
A12: =IFERROR(__xludf.DUMMYFUNCTION("""COMPUTED_VALUE"""),11.0) -> 11 | B12: =IFERROR(__xludf.DUMMYFUNCTION("""COMPUTED_VALUE"""),"SA - DMM - Zuhur") -> SA - DMM - Zuhur | C12: =IFERROR(__xludf.DUMMYFUNCTION("""COMPUTED_VALUE"""),"Link") -> Link | D12: =IFERROR(__xludf.DUMMYFUNCTION("""COMPUTED_VALUE"""),"Zuhur") -> Zuhur | E12: =IFERROR(__xludf.DUMMYFUNCTION("""COMPUTED_VALUE"""),24.0) -> 24 | F12: =IFERROR(__xludf.DUMMYFUNCTION("""COMPUTED_VALUE"""),"-") -> - | G12: =IFERROR(__xludf.DUMMYFUNCTION("""COMPUTED_VALUE"""),45170.0) -> 45170 | H12: =IFERROR(__xludf.DUMMYFUNCTION("""COMPUTED_VALUE"""),"Live") -> Live | I12: =IFERROR(__xludf.DUMMYFUNCTION("""COMPUTED_VALUE"""),"Link") -> Link | J12: =IFERROR(__xludf.DUMMYFUNCTION("""COMPUTED_VALUE"""),"Link") -> Link | K12: =IFERROR(__xludf.DUMMYFUNCTION("""COMPUTED_VALUE"""),"Link") -> Link | L12: =IFERROR(__xludf.DUMMYFUNCTION("""COMPUTED_VALUE"""),TRUE) -> TRUE | M12: =IFERROR(__xludf.DUMMYFUNCTION("""COMPUTED_VALUE"""),FALSE) -> FALSE | N12: =IFERROR(__xludf.DUMMYFUNCTION("""COMPUTED_VALUE"""),"F33R+PX Dammam") -> F33R+PX Dammam
A13: =IFERROR(__xludf.DUMMYFUNCTION("""COMPUTED_VALUE"""),12.0) -> 12 | B13: =IFERROR(__xludf.DUMMYFUNCTION("""COMPUTED_VALUE"""),"SA - RUH - Aqiq") -> SA - RUH - Aqiq | C13: =IFERROR(__xludf.DUMMYFUNCTION("""COMPUTED_VALUE"""),"Link") -> Link | D13: =IFERROR(__xludf.DUMMYFUNCTION("""COMPUTED_VALUE"""),"Aqiq") -> Aqiq | E13: =IFERROR(__xludf.DUMMYFUNCTION("""COMPUTED_VALUE"""),21.0) -> 21 | F13: =IFERROR(__xludf.DUMMYFUNCTION("""COMPUTED_VALUE"""),"-") -> - | G13: =IFERROR(__xludf.DUMMYFUNCTION("""COMPUTED_VALUE"""),44910.0) -> 44910 | H13: =IFERROR(__xludf.DUMMYFUNCTION("""COMPUTED_VALUE"""),"Live") -> Live | I13: =IFERROR(__xludf.DUMMYFUNCTION("""COMPUTED_VALUE"""),"Link") -> Link | J13: =IFERROR(__xludf.DUMMYFUNCTION("""COMPUTED_VALUE"""),"Link") -> Link | K13: =IFERROR(__xludf.DUMMYFUNCTION("""COMPUTED_VALUE"""),"Link") -> Link | L13: =IFERROR(__xludf.DUMMYFUNCTION("""COMPUTED_VALUE"""),TRUE) -> TRUE | M13: =IFERROR(__xludf.DUMMYFUNCTION("""COMPUTED_VALUE"""),FALSE) -> FALSE | N13: =IFERROR(__xludf.DUMMYFUNCTION("""COMPUTED_VALUE"""),"QJJM+6W6 Al Aqiq, Riyadh Saudi Arabia") -> QJJM+6W6 Al Aqiq, Riyadh Saudi Arabia
A14: =IFERROR(__xludf.DUMMYFUNCTION("""COMPUTED_VALUE"""),13.0) -> 13 | B14: =IFERROR(__xludf.DUMMYFUNCTION("""COMPUTED_VALUE"""),"SA - RUH - King Fahd") -> SA - RUH - King Fahd | C14: =IFERROR(__xludf.DUMMYFUNCTION("""COMPUTED_VALUE"""),"Link") -> Link | D14: =IFERROR(__xludf.DUMMYFUNCTION("""COMPUTED_VALUE"""),"King Fahd") -> King Fahd | E14: =IFERROR(__xludf.DUMMYFUNCTION("""COMPUTED_VALUE"""),29.0) -> 29 | F14: =IFERROR(__xludf.DUMMYFUNCTION("""COMPUTED_VALUE"""),"-") -> - | G14: =IFERROR(__xludf.DUMMYFUNCTION("""COMPUTED_VALUE"""),44941.0) -> 44941 | H14: =IFERROR(__xludf.DUMMYFUNCTION("""COMPUTED_VALUE"""),"Live") -> Live | I14: =IFERROR(__xludf.DUMMYFUNCTION("""COMPUTED_VALUE"""),"Link") -> Link | J14: =IFERROR(__xludf.DUMMYFUNCTION("""COMPUTED_VALUE"""),"Link") -> Link | K14: =IFERROR(__xludf.DUMMYFUNCTION("""COMPUTED_VALUE"""),"Link") -> Link | L14: =IFERROR(__xludf.DUMMYFUNCTION("""COMPUTED_VALUE"""),TRUE) -> TRUE | M14: =IFERROR(__xludf.DUMMYFUNCTION("""COMPUTED_VALUE"""),FALSE) -> FALSE | N14: =IFERROR(__xludf.DUMMYFUNCTION("""COMPUTED_VALUE"""),"PMPG+HC7 King Fahd, Riyadh Saudi Arabia") -> PMPG+HC7 King Fahd, Riyadh Saudi Arabia
A15: =IFERROR(__xludf.DUMMYFUNCTION("""COMPUTED_VALUE"""),14.0) -> 14 | B15: =IFERROR(__xludf.DUMMYFUNCTION("""COMPUTED_VALUE"""),"SA - RUH - Malga (2)") -> SA - RUH - Malga (2) | C15: =IFERROR(__xludf.DUMMYFUNCTION("""COMPUTED_VALUE"""),"Link") -> Link | D15: =IFERROR(__xludf.DUMMYFUNCTION("""COMPUTED_VALUE"""),"Malga 2") -> Malga 2 | E15: =IFERROR(__xludf.DUMMYFUNCTION("""COMPUTED_VALUE"""),29.0) -> 29 | F15: =IFERROR(__xludf.DUMMYFUNCTION("""COMPUTED_VALUE"""),"-") -> - | G15: =IFERROR(__xludf.DUMMYFUNCTION("""COMPUTED_VALUE"""),44927.0) -> 44927 | H15: =IFERROR(__xludf.DUMMYFUNCTION("""COMPUTED_VALUE"""),"Live") -> Live | I15: =IFERROR(__xludf.DUMMYFUNCTION("""COMPUTED_VALUE"""),"Link") -> Link | J15: =IFERROR(__xludf.DUMMYFUNCTION("""COMPUTED_VALUE"""),"Link") -> Link | K15: =IFERROR(__xludf.DUMMYFUNCTION("""COMPUTED_VALUE"""),"Link") -> Link | L15: =IFERROR(__xludf.DUMMYFUNCTION("""COMPUTED_VALUE"""),TRUE) -> TRUE | M15: =IFERROR(__xludf.DUMMYFUNCTION("""COMPUTED_VALUE"""),FALSE) -> FALSE | N15: =IFERROR(__xludf.DUMMYFUNCTION("""COMPUTED_VALUE"""),"QJXG+4XP Al Malqa, Riyadh") -> QJXG+4XP Al Malqa, Riyadh
A16: =IFERROR(__xludf.DUMMYFUNCTION("""COMPUTED_VALUE"""),15.0) -> 15 | B16: =IFERROR(__xludf.DUMMYFUNCTION("""COMPUTED_VALUE"""),"SA - RUH - Rawda") -> SA - RUH - Rawda | C16: =IFERROR(__xludf.DUMMYFUNCTION("""COMPUTED_VALUE"""),"Link") -> Link | D16: =IFERROR(__xludf.DUMMYFUNCTION("""COMPUTED_VALUE"""),"Rawdah") -> Rawdah | E16: =IFERROR(__xludf.DUMMYFUNCTION("""COMPUTED_VALUE"""),21.0) -> 21 | F16: =IFERROR(__xludf.DUMMYFUNCTION("""COMPUTED_VALUE"""),"-") -> - | G16: =IFERROR(__xludf.DUMMYFUNCTION("""COMPUTED_VALUE"""),44986.0) -> 44986 | H16: =IFERROR(__xludf.DUMMYFUNCTION("""COMPUTED_VALUE"""),"Live") -> Live | I16: =IFERROR(__xludf.DUMMYFUNCTION("""COMPUTED_VALUE"""),"Link") -> Link | J16: =IFERROR(__xludf.DUMMYFUNCTION("""COMPUTED_VALUE"""),"Link") -> Link | K16: =IFERROR(__xludf.DUMMYFUNCTION("""COMPUTED_VALUE"""),"Link") -> Link | L16: =IFERROR(__xludf.DUMMYFUNCTION("""COMPUTED_VALUE"""),TRUE) -> TRUE | M16: =IFERROR(__xludf.DUMMYFUNCTION("""COMPUTED_VALUE"""),FALSE) -> FALSE | N16: =IFERROR(__xludf.DUMMYFUNCTION("""COMPUTED_VALUE"""),"PQRH+V52 Ar Rawdah, Riyadh") -> PQRH+V52 Ar Rawdah, Riyadh
A17: =IFERROR(__xludf.DUMMYFUNCTION("""COMPUTED_VALUE"""),16.0) -> 16 | B17: =IFERROR(__xludf.DUMMYFUNCTION("""COMPUTED_VALUE"""),"SA - JED - Bawadi") -> SA - JED - Bawadi | C17: =IFERROR(__xludf.DUMMYFUNCTION("""COMPUTED_VALUE"""),"Link") -> Link | D17: =IFERROR(__xludf.DUMMYFUNCTION("""COMPUTED_VALUE"""),"Bawadi") -> Bawadi | E17: =IFERROR(__xludf.DUMMYFUNCTION("""COMPUTED_VALUE"""),25.0) -> 25 | F17: =IFERROR(__xludf.DUMMYFUNCTION("""COMPUTED_VALUE"""),"-") -> - | G17: =IFERROR(__xludf.DUMMYFUNCTION("""COMPUTED_VALUE"""),45070.0) -> 45070 | H17: =IFERROR(__xludf.DUMMYFUNCTION("""COMPUTED_VALUE"""),"Live") -> Live | I17: =IFERROR(__xludf.DUMMYFUNCTION("""COMPUTED_VALUE"""),"Link") -> Link | J17: =IFERROR(__xludf.DUMMYFUNCTION("""COMPUTED_VALUE"""),"Link") -> Link | K17: =IFERROR(__xludf.DUMMYFUNCTION("""COMPUTED_VALUE"""),"Link") -> Link | L17: =IFERROR(__xludf.DUMMYFUNCTION("""COMPUTED_VALUE"""),TRUE) -> TRUE | M17: =IFERROR(__xludf.DUMMYFUNCTION("""COMPUTED_VALUE"""),FALSE) -> FALSE | N17: =IFERROR(__xludf.DUMMYFUNCTION("""COMPUTED_VALUE"""),"H5R8+QPX Al Bawadi, Jeddah Saudi Arabia") -> H5R8+QPX Al Bawadi, Jeddah Saudi Arabia
A18: =IFERROR(__xludf.DUMMYFUNCTION("""COMPUTED_VALUE"""),17.0) -> 17 | B18: =IFERROR(__xludf.DUMMYFUNCTION("""COMPUTED_VALUE"""),"SA - RUH - Salam") -> SA - RUH - Salam | C18: =IFERROR(__xludf.DUMMYFUNCTION("""COMPUTED_VALUE"""),"Link") -> Link | D18: =IFERROR(__xludf.DUMMYFUNCTION("""COMPUTED_VALUE"""),"Salam") -> Salam | E18: =IFERROR(__xludf.DUMMYFUNCTION("""COMPUTED_VALUE"""),23.0) -> 23 | F18: =IFERROR(__xludf.DUMMYFUNCTION("""COMPUTED_VALUE"""),"-") -> - | G18: =IFERROR(__xludf.DUMMYFUNCTION("""COMPUTED_VALUE"""),44986.0) -> 44986 | H18: =IFERROR(__xludf.DUMMYFUNCTION("""COMPUTED_VALUE"""),"Live") -> Live | I18: =IFERROR(__xludf.DUMMYFUNCTION("""COMPUTED_VALUE"""),"Link") -> Link | J18: =IFERROR(__xludf.DUMMYFUNCTION("""COMPUTED_VALUE"""),"Link") -> Link | K18: =IFERROR(__xludf.DUMMYFUNCTION("""COMPUTED_VALUE"""),"Link") -> Link | L18: =IFERROR(__xludf.DUMMYFUNCTION("""COMPUTED_VALUE"""),TRUE) -> TRUE | M18: =IFERROR(__xludf.DUMMYFUNCTION("""COMPUTED_VALUE"""),FALSE) -> FALSE | N18: =IFERROR(__xludf.DUMMYFUNCTION("""COMPUTED_VALUE"""),"MRX4+3F5 As Salam, Riyadh") -> MRX4+3F5 As Salam, Riyadh
A19: =IFERROR(__xludf.DUMMYFUNCTION("""COMPUTED_VALUE"""),18.0) -> 18 | B19: =IFERROR(__xludf.DUMMYFUNCTION("""COMPUTED_VALUE"""),"SA - JED - Marwa") -> SA - JED - Marwa | C19: =IFERROR(__xludf.DUMMYFUNCTION("""COMPUTED_VALUE"""),"Link") -> Link | D19: =IFERROR(__xludf.DUMMYFUNCTION("""COMPUTED_VALUE"""),"Marwa") -> Marwa | E19: =IFERROR(__xludf.DUMMYFUNCTION("""COMPUTED_VALUE"""),17.0) -> 17 | F19: =IFERROR(__xludf.DUMMYFUNCTION("""COMPUTED_VALUE"""),"-") -> - | G19: =IFERROR(__xludf.DUMMYFUNCTION("""COMPUTED_VALUE"""),45275.0) -> 45275 | H19: =IFERROR(__xludf.DUMMYFUNCTION("""COMPUTED_VALUE"""),"Live") -> Live | I19: =IFERROR(__xludf.DUMMYFUNCTION("""COMPUTED_VALUE"""),"Link") -> Link | J19: =IFERROR(__xludf.DUMMYFUNCTION("""COMPUTED_VALUE"""),"Link") -> Link | K19: =IFERROR(__xludf.DUMMYFUNCTION("""COMPUTED_VALUE"""),"Link") -> Link | L19: =IFERROR(__xludf.DUMMYFUNCTION("""COMPUTED_VALUE"""),TRUE) -> TRUE | M19: =IFERROR(__xludf.DUMMYFUNCTION("""COMPUTED_VALUE"""),FALSE) -> FALSE | N19: =IFERROR(__xludf.DUMMYFUNCTION("""COMPUTED_VALUE"""),"J59R+GR2 Al Marwah, Jeddah, Saudi Arabia") -> J59R+GR2 Al Marwah, Jeddah, Saudi Arabia
A20: =IFERROR(__xludf.DUMMYFUNCTION("""COMPUTED_VALUE"""),19.0) -> 19 | B20: =IFERROR(__xludf.DUMMYFUNCTION("""COMPUTED_VALUE"""),"SA - RUH - Tuwaiq") -> SA - RUH - Tuwaiq | C20: =IFERROR(__xludf.DUMMYFUNCTION("""COMPUTED_VALUE"""),"Link") -> Link | D20: =IFERROR(__xludf.DUMMYFUNCTION("""COMPUTED_VALUE"""),"Tuwaiq") -> Tuwaiq | E20: =IFERROR(__xludf.DUMMYFUNCTION("""COMPUTED_VALUE"""),18.0) -> 18 | F20: =IFERROR(__xludf.DUMMYFUNCTION("""COMPUTED_VALUE"""),"-") -> - | G20: =IFERROR(__xludf.DUMMYFUNCTION("""COMPUTED_VALUE"""),45031.0) -> 45031 | H20: =IFERROR(__xludf.DUMMYFUNCTION("""COMPUTED_VALUE"""),"Live") -> Live | I20: =IFERROR(__xludf.DUMMYFUNCTION("""COMPUTED_VALUE"""),"Link") -> Link | J20: =IFERROR(__xludf.DUMMYFUNCTION("""COMPUTED_VALUE"""),"Link") -> Link | K20: =IFERROR(__xludf.DUMMYFUNCTION("""COMPUTED_VALUE"""),"Link") -> Link | L20: =IFERROR(__xludf.DUMMYFUNCTION("""COMPUTED_VALUE"""),TRUE) -> TRUE | M20: =IFERROR(__xludf.DUMMYFUNCTION("""COMPUTED_VALUE"""),FALSE) -> FALSE | N20: =IFERROR(__xludf.DUMMYFUNCTION("""COMPUTED_VALUE"""),"HGJW+PQ7 Tuwaiq, Riyadh") -> HGJW+PQ7 Tuwaiq, Riyadh
A21: =IFERROR(__xludf.DUMMYFUNCTION("""COMPUTED_VALUE"""),20.0) -> 20 | B21: =IFERROR(__xludf.DUMMYFUNCTION("""COMPUTED_VALUE"""),"SA - RUH - Jarir") -> SA - RUH - Jarir | C21: =IFERROR(__xludf.DUMMYFUNCTION("""COMPUTED_VALUE"""),"Link") -> Link | D21: =IFERROR(__xludf.DUMMYFUNCTION("""COMPUTED_VALUE"""),"Jarir") -> Jarir | E21: =IFERROR(__xludf.DUMMYFUNCTION("""COMPUTED_VALUE"""),23.0) -> 23 | F21: =IFERROR(__xludf.DUMMYFUNCTION("""COMPUTED_VALUE"""),"-") -> - | G21: =IFERROR(__xludf.DUMMYFUNCTION("""COMPUTED_VALUE"""),45170.0) -> 45170 | H21: =IFERROR(__xludf.DUMMYFUNCTION("""COMPUTED_VALUE"""),"Live") -> Live | I21: =IFERROR(__xludf.DUMMYFUNCTION("""COMPUTED_VALUE"""),"Link") -> Link | J21: =IFERROR(__xludf.DUMMYFUNCTION("""COMPUTED_VALUE"""),"Link") -> Link | K21: =IFERROR(__xludf.DUMMYFUNCTION("""COMPUTED_VALUE"""),"Link") -> Link | L21: =IFERROR(__xludf.DUMMYFUNCTION("""COMPUTED_VALUE"""),TRUE) -> TRUE | M21: =IFERROR(__xludf.DUMMYFUNCTION("""COMPUTED_VALUE"""),FALSE) -> FALSE | N21: =IFERROR(__xludf.DUMMYFUNCTION("""COMPUTED_VALUE"""),"7625 Haouran, Jarir, Riyadh 12837, Saudi Arabia") -> 7625 Haouran, Jarir, Riyadh 12837, Saudi Arabia
A22: =IFERROR(__xludf.DUMMYFUNCTION("""COMPUTED_VALUE"""),21.0) -> 21 | B22: =IFERROR(__xludf.DUMMYFUNCTION("""COMPUTED_VALUE"""),"SA - RUH - Sulimaniyah") -> SA - RUH - Sulimaniyah | C22: =IFERROR(__xludf.DUMMYFUNCTION("""COMPUTED_VALUE"""),"Link") -> Link | D22: =IFERROR(__xludf.DUMMYFUNCTION("""COMPUTED_VALUE"""),"Sulimaniah ") -> Sulimaniah | E22: =IFERROR(__xludf.DUMMYFUNCTION("""COMPUTED_VALUE"""),25.0) -> 25 | F22: =IFERROR(__xludf.DUMMYFUNCTION("""COMPUTED_VALUE"""),"-") -> - | G22: =IFERROR(__xludf.DUMMYFUNCTION("""COMPUTED_VALUE"""),45122.0) -> 45122 | H22: =IFERROR(__xludf.DUMMYFUNCTION("""COMPUTED_VALUE"""),"Live") -> Live | I22: =IFERROR(__xludf.DUMMYFUNCTION("""COMPUTED_VALUE"""),"Link") -> Link | J22: =IFERROR(__xludf.DUMMYFUNCTION("""COMPUTED_VALUE"""),"Link") -> Link | K22: =IFERROR(__xludf.DUMMYFUNCTION("""COMPUTED_VALUE"""),"Link") -> Link | L22: =IFERROR(__xludf.DUMMYFUNCTION("""COMPUTED_VALUE"""),TRUE) -> TRUE | M22: =IFERROR(__xludf.DUMMYFUNCTION("""COMPUTED_VALUE"""),FALSE) -> FALSE | N22: =IFERROR(__xludf.DUMMYFUNCTION("""COMPUTED_VALUE"""),"RHSB7807، 7807 الأمير مساعد بن عبدالعزيز، 3526، حي السليمانية، Riyadh 12233, Saudi Arabia") -> RHSB7807، 7807 الأمير مساعد بن عبدالعزيز، 3526، حي السليمانية، Riyadh 12233, Saudi Arabia
A23: =IFERROR(__xludf.DUMMYFUNCTION("""COMPUTED_VALUE"""),22.0) -> 22 | B23: =IFERROR(__xludf.DUMMYFUNCTION("""COMPUTED_VALUE"""),"SA - JED - Rehab") -> SA - JED - Rehab | C23: =IFERROR(__xludf.DUMMYFUNCTION("""COMPUTED_VALUE"""),"Link") -> Link | D23: =IFERROR(__xludf.DUMMYFUNCTION("""COMPUTED_VALUE"""),"Rehab") -> Rehab | E23: =IFERROR(__xludf.DUMMYFUNCTION("""COMPUTED_VALUE"""),18.0) -> 18 | F23: =IFERROR(__xludf.DUMMYFUNCTION("""COMPUTED_VALUE"""),"-") -> - | G23: =IFERROR(__xludf.DUMMYFUNCTION("""COMPUTED_VALUE"""),45249.0) -> 45249 | H23: =IFERROR(__xludf.DUMMYFUNCTION("""COMPUTED_VALUE"""),"Live") -> Live | I23: =IFERROR(__xludf.DUMMYFUNCTION("""COMPUTED_VALUE"""),"Link") -> Link | J23: =IFERROR(__xludf.DUMMYFUNCTION("""COMPUTED_VALUE"""),"Link") -> Link | K23: =IFERROR(__xludf.DUMMYFUNCTION("""COMPUTED_VALUE"""),"Link") -> Link | L23: =IFERROR(__xludf.DUMMYFUNCTION("""COMPUTED_VALUE"""),TRUE) -> TRUE | M23: =IFERROR(__xludf.DUMMYFUNCTION("""COMPUTED_VALUE"""),FALSE) -> FALSE | N23: =IFERROR(__xludf.DUMMYFUNCTION("""COMPUTED_VALUE"""),"Ghernatah, Jeddah 23342, Saudi Arabia") -> Ghernatah, Jeddah 23342, Saudi Arabia
A24: =IFERROR(__xludf.DUMMYFUNCTION("""COMPUTED_VALUE"""),23.0) -> 23 | B24: =IFERROR(__xludf.DUMMYFUNCTION("""COMPUTED_VALUE"""),"SA - DMM - Rawda") -> SA - DMM - Rawda | C24: =IFERROR(__xludf.DUMMYFUNCTION("""COMPUTED_VALUE"""),"Link") -> Link | D24: =IFERROR(__xludf.DUMMYFUNCTION("""COMPUTED_VALUE"""),"Rawda") -> Rawda | E24: =IFERROR(__xludf.DUMMYFUNCTION("""COMPUTED_VALUE"""),24.0) -> 24 | F24: =IFERROR(__xludf.DUMMYFUNCTION("""COMPUTED_VALUE"""),"-") -> - | G24: =IFERROR(__xludf.DUMMYFUNCTION("""COMPUTED_VALUE"""),45108.0) -> 45108 | H24: =IFERROR(__xludf.DUMMYFUNCTION("""COMPUTED_VALUE"""),"Live") -> Live | I24: =IFERROR(__xludf.DUMMYFUNCTION("""COMPUTED_VALUE"""),"Link") -> Link | J24: =IFERROR(__xludf.DUMMYFUNCTION("""COMPUTED_VALUE"""),"Link") -> Link | K24: =IFERROR(__xludf.DUMMYFUNCTION("""COMPUTED_VALUE"""),"Link") -> Link | L24: =IFERROR(__xludf.DUMMYFUNCTION("""COMPUTED_VALUE"""),TRUE) -> TRUE | M24: =IFERROR(__xludf.DUMMYFUNCTION("""COMPUTED_VALUE"""),FALSE) -> FALSE | N24: =IFERROR(__xludf.DUMMYFUNCTION("""COMPUTED_VALUE"""),"EDMB2637، 2637 الامام علي بن ابي طالب، 8177، حي الروضة، Dammam 32255, Saudi Arabia") -> EDMB2637، 2637 الامام علي بن ابي طالب، 8177، حي الروضة، Dammam 32255, Saudi Arabia
A25: =IFERROR(__xludf.DUMMYFUNCTION("""COMPUTED_VALUE"""),24.0) -> 24 | B25: =IFERROR(__xludf.DUMMYFUNCTION("""COMPUTED_VALUE"""),"SA - RUH - Narjis") -> SA - RUH - Narjis | C25: =IFERROR(__xludf.DUMMYFUNCTION("""COMPUTED_VALUE"""),"Link") -> Link | D25: =IFERROR(__xludf.DUMMYFUNCTION("""COMPUTED_VALUE"""),"Narjis") -> Narjis | E25: =IFERROR(__xludf.DUMMYFUNCTION("""COMPUTED_VALUE"""),27.0) -> 27 | F25: =IFERROR(__xludf.DUMMYFUNCTION("""COMPUTED_VALUE"""),"-") -> - | G25: =IFERROR(__xludf.DUMMYFUNCTION("""COMPUTED_VALUE"""),45261.0) -> 45261 | H25: =IFERROR(__xludf.DUMMYFUNCTION("""COMPUTED_VALUE"""),"Live") -> Live | I25: =IFERROR(__xludf.DUMMYFUNCTION("""COMPUTED_VALUE"""),"Link") -> Link | J25: =IFERROR(__xludf.DUMMYFUNCTION("""COMPUTED_VALUE"""),"Link") -> Link | K25: =IFERROR(__xludf.DUMMYFUNCTION("""COMPUTED_VALUE"""),"Link") -> Link | L25: =IFERROR(__xludf.DUMMYFUNCTION("""COMPUTED_VALUE"""),TRUE) -> TRUE | M25: =IFERROR(__xludf.DUMMYFUNCTION("""COMPUTED_VALUE"""),FALSE) -> FALSE | N25: =IFERROR(__xludf.DUMMYFUNCTION("""COMPUTED_VALUE"""),"RMHJ+9V2 An Narjis, Riyadh") -> RMHJ+9V2 An Narjis, Riyadh
A26: =IFERROR(__xludf.DUMMYFUNCTION("""COMPUTED_VALUE"""),25.0) -> 25 | B26: =IFERROR(__xludf.DUMMYFUNCTION("""COMPUTED_VALUE"""),"SA - AHS - Hofuf") -> SA - AHS - Hofuf | C26: =IFERROR(__xludf.DUMMYFUNCTION("""COMPUTED_VALUE"""),"Link") -> Link | D26: =IFERROR(__xludf.DUMMYFUNCTION("""COMPUTED_VALUE"""),"Hofuf") -> Hofuf | E26: =IFERROR(__xludf.DUMMYFUNCTION("""COMPUTED_VALUE"""),20.0) -> 20 | F26: =IFERROR(__xludf.DUMMYFUNCTION("""COMPUTED_VALUE"""),"-") -> - | G26: =IFERROR(__xludf.DUMMYFUNCTION("""COMPUTED_VALUE"""),45352.0) -> 45352 | H26: =IFERROR(__xludf.DUMMYFUNCTION("""COMPUTED_VALUE"""),"Live") -> Live | I26: =IFERROR(__xludf.DUMMYFUNCTION("""COMPUTED_VALUE"""),"Link") -> Link | J26: =IFERROR(__xludf.DUMMYFUNCTION("""COMPUTED_VALUE"""),"Link") -> Link | K26: =IFERROR(__xludf.DUMMYFUNCTION("""COMPUTED_VALUE"""),"Link") -> Link | L26: =IFERROR(__xludf.DUMMYFUNCTION("""COMPUTED_VALUE"""),TRUE) -> TRUE | M26: =IFERROR(__xludf.DUMMYFUNCTION("""COMPUTED_VALUE"""),FALSE) -> FALSE | N26: =IFERROR(__xludf.DUMMYFUNCTION("""COMPUTED_VALUE"""),"8HXC+FHJ Al Hofuf, Saudi Arabia") -> 8HXC+FHJ Al Hofuf, Saudi Arabia
A27: =IFERROR(__xludf.DUMMYFUNCTION("""COMPUTED_VALUE"""),26.0) -> 26 | B27: =IFERROR(__xludf.DUMMYFUNCTION("""COMPUTED_VALUE"""),"SA - RUH - Yasmin") -> SA - RUH - Yasmin | C27: =IFERROR(__xludf.DUMMYFUNCTION("""COMPUTED_VALUE"""),"Link") -> Link | D27: =IFERROR(__xludf.DUMMYFUNCTION("""COMPUTED_VALUE"""),"Yasmin") -> Yasmin | E27: =IFERROR(__xludf.DUMMYFUNCTION("""COMPUTED_VALUE"""),20.0) -> 20 | F27: =IFERROR(__xludf.DUMMYFUNCTION("""COMPUTED_VALUE"""),"-") -> - | G27: =IFERROR(__xludf.DUMMYFUNCTION("""COMPUTED_VALUE"""),45383.0) -> 45383 | H27: =IFERROR(__xludf.DUMMYFUNCTION("""COMPUTED_VALUE"""),"Live") -> Live | I27: =IFERROR(__xludf.DUMMYFUNCTION("""COMPUTED_VALUE"""),"Link") -> Link | J27: =IFERROR(__xludf.DUMMYFUNCTION("""COMPUTED_VALUE"""),"Link") -> Link | K27: =IFERROR(__xludf.DUMMYFUNCTION("""COMPUTED_VALUE"""),"Link") -> Link | L27: =IFERROR(__xludf.DUMMYFUNCTION("""COMPUTED_VALUE"""),TRUE) -> TRUE | M27: =IFERROR(__xludf.DUMMYFUNCTION("""COMPUTED_VALUE"""),FALSE) -> FALSE | N27: =IFERROR(__xludf.DUMMYFUNCTION("""COMPUTED_VALUE"""),"RM64+7VJ Alyasmin, Riyadh") -> RM64+7VJ Alyasmin, Riyadh
A28: =IFERROR(__xludf.DUMMYFUNCTION("""COMPUTED_VALUE"""),27.0) -> 27 | B28: =IFERROR(__xludf.DUMMYFUNCTION("""COMPUTED_VALUE"""),"SA - JED - Mishrifah") -> SA - JED - Mishrifah | C28: =IFERROR(__xludf.DUMMYFUNCTION("""COMPUTED_VALUE"""),"Link") -> Link | D28: =IFERROR(__xludf.DUMMYFUNCTION("""COMPUTED_VALUE"""),"Mishrifah") -> Mishrifah | E28: =IFERROR(__xludf.DUMMYFUNCTION("""COMPUTED_VALUE"""),30.0) -> 30 | F28: =IFERROR(__xludf.DUMMYFUNCTION("""COMPUTED_VALUE"""),"-") -> - | G28: =IFERROR(__xludf.DUMMYFUNCTION("""COMPUTED_VALUE"""),45397.0) -> 45397 | H28: =IFERROR(__xludf.DUMMYFUNCTION("""COMPUTED_VALUE"""),"Live") -> Live | I28: =IFERROR(__xludf.DUMMYFUNCTION("""COMPUTED_VALUE"""),"LINK") -> LINK | J28: =IFERROR(__xludf.DUMMYFUNCTION("""COMPUTED_VALUE"""),"Link") -> Link | K28: =IFERROR(__xludf.DUMMYFUNCTION("""COMPUTED_VALUE"""),"Link") -> Link | L28: =IFERROR(__xludf.DUMMYFUNCTION("""COMPUTED_VALUE"""),TRUE) -> TRUE | M28: =IFERROR(__xludf.DUMMYFUNCTION("""COMPUTED_VALUE"""),FALSE) -> FALSE | N28: =IFERROR(__xludf.DUMMYFUNCTION("""COMPUTED_VALUE"""),"G5PJ+85F Mishrifah, Jeddah") -> G5PJ+85F Mishrifah, Jeddah
A29: =IFERROR(__xludf.DUMMYFUNCTION("""COMPUTED_VALUE"""),28.0) -> 28 | B29: =IFERROR(__xludf.DUMMYFUNCTION("""COMPUTED_VALUE"""),"SA - RUH - Arid (1)") -> SA - RUH - Arid (1) | C29: =IFERROR(__xludf.DUMMYFUNCTION("""COMPUTED_VALUE"""),"Link") -> Link | D29: =IFERROR(__xludf.DUMMYFUNCTION("""COMPUTED_VALUE"""),"Arid") -> Arid | E29: =IFERROR(__xludf.DUMMYFUNCTION("""COMPUTED_VALUE"""),21.0) -> 21 | F29: =IFERROR(__xludf.DUMMYFUNCTION("""COMPUTED_VALUE"""),"-") -> - | G29: =IFERROR(__xludf.DUMMYFUNCTION("""COMPUTED_VALUE"""),45352.0) -> 45352 | H29: =IFERROR(__xludf.DUMMYFUNCTION("""COMPUTED_VALUE"""),"Live") -> Live | I29: =IFERROR(__xludf.DUMMYFUNCTION("""COMPUTED_VALUE"""),"Link") -> Link | J29: =IFERROR(__xludf.DUMMYFUNCTION("""COMPUTED_VALUE"""),"Link") -> Link | K29: =IFERROR(__xludf.DUMMYFUNCTION("""COMPUTED_VALUE"""),"Link") -> Link | L29: =IFERROR(__xludf.DUMMYFUNCTION("""COMPUTED_VALUE"""),TRUE) -> TRUE | M29: =IFERROR(__xludf.DUMMYFUNCTION("""COMPUTED_VALUE"""),FALSE) -> FALSE | N29: =IFERROR(__xludf.DUMMYFUNCTION("""COMPUTED_VALUE"""),"VJMC+MQX Al Aarid, Riyadh") -> VJMC+MQX Al Aarid, Riyadh
A30: =IFERROR(__xludf.DUMMYFUNCTION("""COMPUTED_VALUE"""),29.0) -> 29 | B30: =IFERROR(__xludf.DUMMYFUNCTION("""COMPUTED_VALUE"""),"SA - QSM - Al Bishr") -> SA - QSM - Al Bishr | C30: =IFERROR(__xludf.DUMMYFUNCTION("""COMPUTED_VALUE"""),"Link") -> Link | D30: =IFERROR(__xludf.DUMMYFUNCTION("""COMPUTED_VALUE"""),"Bishir") -> Bishir | E30: =IFERROR(__xludf.DUMMYFUNCTION("""COMPUTED_VALUE"""),18.0) -> 18 | F30: =IFERROR(__xludf.DUMMYFUNCTION("""COMPUTED_VALUE"""),"-") -> - | G30: =IFERROR(__xludf.DUMMYFUNCTION("""COMPUTED_VALUE"""),45444.0) -> 45444 | H30: =IFERROR(__xludf.DUMMYFUNCTION("""COMPUTED_VALUE"""),"Live") -> Live | I30: =IFERROR(__xludf.DUMMYFUNCTION("""COMPUTED_VALUE"""),"Link") -> Link | J30: =IFERROR(__xludf.DUMMYFUNCTION("""COMPUTED_VALUE"""),"Link") -> Link | K30: =IFERROR(__xludf.DUMMYFUNCTION("""COMPUTED_VALUE"""),"Link") -> Link | L30: =IFERROR(__xludf.DUMMYFUNCTION("""COMPUTED_VALUE"""),TRUE) -> TRUE | M30: =IFERROR(__xludf.DUMMYFUNCTION("""COMPUTED_VALUE"""),FALSE) -> FALSE | N30: =IFERROR(__xludf.DUMMYFUNCTION("""COMPUTED_VALUE"""),"9WHH+4RH Buraydah") -> 9WHH+4RH Buraydah
A31: =IFERROR(__xludf.DUMMYFUNCTION("""COMPUTED_VALUE"""),30.0) -> 30 | B31: =IFERROR(__xludf.DUMMYFUNCTION("""COMPUTED_VALUE"""),"SA - RUH - Al Nazim") -> SA - RUH - Al Nazim | C31: =IFERROR(__xludf.DUMMYFUNCTION("""COMPUTED_VALUE"""),"Link") -> Link | D31: =IFERROR(__xludf.DUMMYFUNCTION("""COMPUTED_VALUE"""),"Al Nazim") -> Al Nazim | E31: =IFERROR(__xludf.DUMMYFUNCTION("""COMPUTED_VALUE"""),25.0) -> 25 | F31: =IFERROR(__xludf.DUMMYFUNCTION("""COMPUTED_VALUE"""),"-") -> - | G31: =IFERROR(__xludf.DUMMYFUNCTION("""COMPUTED_VALUE"""),46054.0) -> 46054 | H31: =IFERROR(__xludf.DUMMYFUNCTION("""COMPUTED_VALUE"""),"U/C") -> U/C | I31: =IFERROR(__xludf.DUMMYFUNCTION("""COMPUTED_VALUE"""),"Link") -> Link | J31: =IFERROR(__xludf.DUMMYFUNCTION("""COMPUTED_VALUE"""),"Link") -> Link | K31: =IFERROR(__xludf.DUMMYFUNCTION("""COMPUTED_VALUE"""),"Link") -> Link | L31: =IFERROR(__xludf.DUMMYFUNCTION("""COMPUTED_VALUE"""),FALSE) -> FALSE | M31: =IFERROR(__xludf.DUMMYFUNCTION("""COMPUTED_VALUE"""),FALSE) -> FALSE | N31: =IFERROR(__xludf.DUMMYFUNCTION("""COMPUTED_VALUE"""),"RW55+782 Al Nadwa, Riyadh") -> RW55+782 Al Nadwa, Riyadh
A32: =IFERROR(__xludf.DUMMYFUNCTION("""COMPUTED_VALUE"""),31.0) -> 31 | B32: =IFERROR(__xludf.DUMMYFUNCTION("""COMPUTED_VALUE"""),"SA - RUH - Sweidi (2)") -> SA - RUH - Sweidi (2) | C32: =IFERROR(__xludf.DUMMYFUNCTION("""COMPUTED_VALUE"""),"Link") -> Link | D32: =IFERROR(__xludf.DUMMYFUNCTION("""COMPUTED_VALUE"""),"Sweidi 2") -> Sweidi 2 | E32: =IFERROR(__xludf.DUMMYFUNCTION("""COMPUTED_VALUE"""),13.0) -> 13 | F32: =IFERROR(__xludf.DUMMYFUNCTION("""COMPUTED_VALUE"""),"-") -> - | G32: =IFERROR(__xludf.DUMMYFUNCTION("""COMPUTED_VALUE"""),45929.0) -> 45929 | H32: =IFERROR(__xludf.DUMMYFUNCTION("""COMPUTED_VALUE"""),"Live") -> Live | I32: =IFERROR(__xludf.DUMMYFUNCTION("""COMPUTED_VALUE"""),"Link") -> Link | J32: =IFERROR(__xludf.DUMMYFUNCTION("""COMPUTED_VALUE"""),"Link") -> Link | K32: =IFERROR(__xludf.DUMMYFUNCTION("""COMPUTED_VALUE"""),"Link") -> Link | L32: =IFERROR(__xludf.DUMMYFUNCTION("""COMPUTED_VALUE"""),TRUE) -> TRUE | M32: =IFERROR(__xludf.DUMMYFUNCTION("""COMPUTED_VALUE"""),FALSE) -> FALSE | N32: =IFERROR(__xludf.DUMMYFUNCTION("""COMPUTED_VALUE"""),"HMQ8+VCX As Suwaidi, Riyadh") -> HMQ8+VCX As Suwaidi, Riyadh
A33: =IFERROR(__xludf.DUMMYFUNCTION("""COMPUTED_VALUE"""),32.0) -> 32 | B33: =IFERROR(__xludf.DUMMYFUNCTION("""COMPUTED_VALUE"""),"SA - RUH - King Faisal") -> SA - RUH - King Faisal | C33: =IFERROR(__xludf.DUMMYFUNCTION("""COMPUTED_VALUE"""),"Link") -> Link | D33: =IFERROR(__xludf.DUMMYFUNCTION("""COMPUTED_VALUE"""),"King Faisal") -> King Faisal | E33: =IFERROR(__xludf.DUMMYFUNCTION("""COMPUTED_VALUE"""),23.0) -> 23 | F33: =IFERROR(__xludf.DUMMYFUNCTION("""COMPUTED_VALUE"""),"-") -> - | G33: =IFERROR(__xludf.DUMMYFUNCTION("""COMPUTED_VALUE"""),46011.0) -> 46011 | H33: =IFERROR(__xludf.DUMMYFUNCTION("""COMPUTED_VALUE"""),"Live") -> Live | I33: =IFERROR(__xludf.DUMMYFUNCTION("""COMPUTED_VALUE"""),"Link") -> Link | J33: =IFERROR(__xludf.DUMMYFUNCTION("""COMPUTED_VALUE"""),"Link") -> Link | K33: =IFERROR(__xludf.DUMMYFUNCTION("""COMPUTED_VALUE"""),"Link") -> Link | L33: =IFERROR(__xludf.DUMMYFUNCTION("""COMPUTED_VALUE"""),TRUE) -> TRUE | M33: =IFERROR(__xludf.DUMMYFUNCTION("""COMPUTED_VALUE"""),FALSE) -> FALSE | N33: =IFERROR(__xludf.DUMMYFUNCTION("""COMPUTED_VALUE"""),"QQ5G+MJ4 King Faisal Dt., Riyadh") -> QQ5G+MJ4 King Faisal Dt., Riyadh
A34: =IFERROR(__xludf.DUMMYFUNCTION("""COMPUTED_VALUE"""),33.0) -> 33 | B34: =IFERROR(__xludf.DUMMYFUNCTION("""COMPUTED_VALUE"""),"SA - RUH - Arid (2)") -> SA - RUH - Arid (2) | C34: =IFERROR(__xludf.DUMMYFUNCTION("""COMPUTED_VALUE"""),"Link") -> Link | D34: =IFERROR(__xludf.DUMMYFUNCTION("""COMPUTED_VALUE"""),"Arid 2") -> Arid 2 | E34: =IFERROR(__xludf.DUMMYFUNCTION("""COMPUTED_VALUE"""),21.0) -> 21 | F34: =IFERROR(__xludf.DUMMYFUNCTION("""COMPUTED_VALUE"""),"-") -> - | G34: =IFERROR(__xludf.DUMMYFUNCTION("""COMPUTED_VALUE"""),46068.0) -> 46068 | H34: =IFERROR(__xludf.DUMMYFUNCTION("""COMPUTED_VALUE"""),"Live") -> Live | I34: =IFERROR(__xludf.DUMMYFUNCTION("""COMPUTED_VALUE"""),"Link") -> Link | J34: =IFERROR(__xludf.DUMMYFUNCTION("""COMPUTED_VALUE"""),"Link") -> Link | K34: =IFERROR(__xludf.DUMMYFUNCTION("""COMPUTED_VALUE"""),"Link") -> Link | L34: =IFERROR(__xludf.DUMMYFUNCTION("""COMPUTED_VALUE"""),TRUE) -> TRUE | M34: =IFERROR(__xludf.DUMMYFUNCTION("""COMPUTED_VALUE"""),FALSE) -> FALSE | N34: =IFERROR(__xludf.DUMMYFUNCTION("""COMPUTED_VALUE"""),"QM4W+GMW Al Arid, Riyadh") -> QM4W+GMW Al Arid, Riyadh
A35: =IFERROR(__xludf.DUMMYFUNCTION("""COMPUTED_VALUE"""),34.0) -> 34 | B35: =IFERROR(__xludf.DUMMYFUNCTION("""COMPUTED_VALUE"""),"SA - DMM - Ghirnatah (2)") -> SA - DMM - Ghirnatah (2) | C35: =IFERROR(__xludf.DUMMYFUNCTION("""COMPUTED_VALUE"""),"Link") -> Link | D35: =IFERROR(__xludf.DUMMYFUNCTION("""COMPUTED_VALUE"""),"Ghirnatah 2") -> Ghirnatah 2 | E35: =IFERROR(__xludf.DUMMYFUNCTION("""COMPUTED_VALUE"""),14.0) -> 14 | F35: =IFERROR(__xludf.DUMMYFUNCTION("""COMPUTED_VALUE"""),45992.0) -> 45992 | G35: =IFERROR(__xludf.DUMMYFUNCTION("""COMPUTED_VALUE"""),45950.0) -> 45950 | H35: =IFERROR(__xludf.DUMMYFUNCTION("""COMPUTED_VALUE"""),"Live") -> Live | I35: =IFERROR(__xludf.DUMMYFUNCTION("""COMPUTED_VALUE"""),"Link") -> Link | J35: =IFERROR(__xludf.DUMMYFUNCTION("""COMPUTED_VALUE"""),"Link") -> Link | K35: =IFERROR(__xludf.DUMMYFUNCTION("""COMPUTED_VALUE"""),"Link") -> Link | L35: =IFERROR(__xludf.DUMMYFUNCTION("""COMPUTED_VALUE"""),TRUE) -> TRUE | M35: =IFERROR(__xludf.DUMMYFUNCTION("""COMPUTED_VALUE"""),FALSE) -> FALSE | N35: =IFERROR(__xludf.DUMMYFUNCTION("""COMPUTED_VALUE"""),"C3FH+4G7 Dammam") -> C3FH+4G7 Dammam
A36: =IFERROR(__xludf.DUMMYFUNCTION("""COMPUTED_VALUE"""),35.0) -> 35 | B36: =IFERROR(__xludf.DUMMYFUNCTION("""COMPUTED_VALUE"""),"SA - RUH - Aqiq (2)") -> SA - RUH - Aqiq (2) | C36: =IFERROR(__xludf.DUMMYFUNCTION("""COMPUTED_VALUE"""),"Link") -> Link | D36: =IFERROR(__xludf.DUMMYFUNCTION("""COMPUTED_VALUE"""),"Aqiq 2") -> Aqiq 2 | E36: =IFERROR(__xludf.DUMMYFUNCTION("""COMPUTED_VALUE"""),13.0) -> 13 | F36: =IFERROR(__xludf.DUMMYFUNCTION("""COMPUTED_VALUE"""),45945.0) -> 45945 | G36: =IFERROR(__xludf.DUMMYFUNCTION("""COMPUTED_VALUE"""),46029.0) -> 46029 | H36: =IFERROR(__xludf.DUMMYFUNCTION("""COMPUTED_VALUE"""),"Live") -> Live | I36: =IFERROR(__xludf.DUMMYFUNCTION("""COMPUTED_VALUE"""),"Link") -> Link | J36: =IFERROR(__xludf.DUMMYFUNCTION("""COMPUTED_VALUE"""),"Link") -> Link | K36: =IFERROR(__xludf.DUMMYFUNCTION("""COMPUTED_VALUE"""),"Link") -> Link | L36: =IFERROR(__xludf.DUMMYFUNCTION("""COMPUTED_VALUE"""),TRUE) -> TRUE | M36: =IFERROR(__xludf.DUMMYFUNCTION("""COMPUTED_VALUE"""),FALSE) -> FALSE | N36: =IFERROR(__xludf.DUMMYFUNCTION("""COMPUTED_VALUE"""),"QJPF+J3F Al Aqiq, Riyadh") -> QJPF+J3F Al Aqiq, Riyadh
A37: =IFERROR(__xludf.DUMMYFUNCTION("""COMPUTED_VALUE"""),36.0) -> 36 | B37: =IFERROR(__xludf.DUMMYFUNCTION("""COMPUTED_VALUE"""),"SA - RUH - Sahafa") -> SA - RUH - Sahafa | C37: =IFERROR(__xludf.DUMMYFUNCTION("""COMPUTED_VALUE"""),"Link") -> Link | D37: =IFERROR(__xludf.DUMMYFUNCTION("""COMPUTED_VALUE"""),"Sahafa") -> Sahafa | E37: =IFERROR(__xludf.DUMMYFUNCTION("""COMPUTED_VALUE"""),23.0) -> 23 | F37: =IFERROR(__xludf.DUMMYFUNCTION("""COMPUTED_VALUE"""),"-") -> - | G37: =IFERROR(__xludf.DUMMYFUNCTION("""COMPUTED_VALUE"""),46235.0) -> 46235 | H37: =IFERROR(__xludf.DUMMYFUNCTION("""COMPUTED_VALUE"""),"U/C") -> U/C | I37: =IFERROR(__xludf.DUMMYFUNCTION("""COMPUTED_VALUE"""),"Link") -> Link | J37: =IFERROR(__xludf.DUMMYFUNCTION("""COMPUTED_VALUE"""),"Link") -> Link | K37: =IFERROR(__xludf.DUMMYFUNCTION("""COMPUTED_VALUE"""),"Link") -> Link | L37: =IFERROR(__xludf.DUMMYFUNCTION("""COMPUTED_VALUE"""),FALSE) -> FALSE | M37: =IFERROR(__xludf.DUMMYFUNCTION("""COMPUTED_VALUE"""),FALSE) -> FALSE | N37: =IFERROR(__xludf.DUMMYFUNCTION("""COMPUTED_VALUE"""),"RJ4Q+CFV As Sahafah, Riyadh") -> RJ4Q+CFV As Sahafah, Riyadh
A38: =IFERROR(__xludf.DUMMYFUNCTION("""COMPUTED_VALUE"""),37.0) -> 37 | B38: =IFERROR(__xludf.DUMMYFUNCTION("""COMPUTED_VALUE"""),"SA - KBR - Rakah") -> SA - KBR - Rakah | C38: =IFERROR(__xludf.DUMMYFUNCTION("""COMPUTED_VALUE"""),"Link") -> Link | D38: =IFERROR(__xludf.DUMMYFUNCTION("""COMPUTED_VALUE"""),"Rakah") -> Rakah | E38: =IFERROR(__xludf.DUMMYFUNCTION("""COMPUTED_VALUE"""),17.0) -> 17 | F38: =IFERROR(__xludf.DUMMYFUNCTION("""COMPUTED_VALUE"""),46054.0) -> 46054 | G38: =IFERROR(__xludf.DUMMYFUNCTION("""COMPUTED_VALUE"""),46113.0) -> 46113 | H38: =IFERROR(__xludf.DUMMYFUNCTION("""COMPUTED_VALUE"""),"Live") -> Live | I38: =IFERROR(__xludf.DUMMYFUNCTION("""COMPUTED_VALUE"""),"Link") -> Link | J38: =IFERROR(__xludf.DUMMYFUNCTION("""COMPUTED_VALUE"""),"Link") -> Link | K38: =IFERROR(__xludf.DUMMYFUNCTION("""COMPUTED_VALUE"""),"Link") -> Link | L38: =IFERROR(__xludf.DUMMYFUNCTION("""COMPUTED_VALUE"""),FALSE) -> FALSE | M38: =IFERROR(__xludf.DUMMYFUNCTION("""COMPUTED_VALUE"""),FALSE) -> FALSE | N38: =IFERROR(__xludf.DUMMYFUNCTION("""COMPUTED_VALUE"""),"9633+HJ6 Al Khobar") -> 9633+HJ6 Al Khobar
A39: =IFERROR(__xludf.DUMMYFUNCTION("""COMPUTED_VALUE"""),38.0) -> 38 | B39: =IFERROR(__xludf.DUMMYFUNCTION("""COMPUTED_VALUE"""),"SA - RUH - Wurud") -> SA - RUH - Wurud | C39: =IFERROR(__xludf.DUMMYFUNCTION("""COMPUTED_VALUE"""),"Link") -> Link | D39: =IFERROR(__xludf.DUMMYFUNCTION("""COMPUTED_VALUE"""),"Wurud") -> Wurud | E39: =IFERROR(__xludf.DUMMYFUNCTION("""COMPUTED_VALUE"""),22.0) -> 22 | F39: =IFERROR(__xludf.DUMMYFUNCTION("""COMPUTED_VALUE"""),46054.0) -> 46054 | G39: =IFERROR(__xludf.DUMMYFUNCTION("""COMPUTED_VALUE"""),46068.0) -> 46068 | H39: =IFERROR(__xludf.DUMMYFUNCTION("""COMPUTED_VALUE"""),"Live") -> Live | I39: =IFERROR(__xludf.DUMMYFUNCTION("""COMPUTED_VALUE"""),"Link") -> Link | J39: =IFERROR(__xludf.DUMMYFUNCTION("""COMPUTED_VALUE"""),"Link") -> Link | K39: =IFERROR(__xludf.DUMMYFUNCTION("""COMPUTED_VALUE"""),"Link") -> Link | L39: =IFERROR(__xludf.DUMMYFUNCTION("""COMPUTED_VALUE"""),FALSE) -> FALSE | M39: =IFERROR(__xludf.DUMMYFUNCTION("""COMPUTED_VALUE"""),FALSE) -> FALSE | N39: =IFERROR(__xludf.DUMMYFUNCTION("""COMPUTED_VALUE"""),"RHWA7172, 7172 Al Muhandis Masaid Al Anqari, 3057, Al Wurud, Riyadh 12252") -> RHWA7172, 7172 Al Muhandis Masaid Al Anqari, 3057, Al Wurud, Riyadh 12252
A40: =IFERROR(__xludf.DUMMYFUNCTION("""COMPUTED_VALUE"""),39.0) -> 39 | B40: =IFERROR(__xludf.DUMMYFUNCTION("""COMPUTED_VALUE"""),"SA - DMM - Jamiah (2)") -> SA - DMM - Jamiah (2) | C40: =IFERROR(__xludf.DUMMYFUNCTION("""COMPUTED_VALUE"""),"Link") -> Link | D40: =IFERROR(__xludf.DUMMYFUNCTION("""COMPUTED_VALUE"""),"Jamiah (2)") -> Jamiah (2) | E40: =IFERROR(__xludf.DUMMYFUNCTION("""COMPUTED_VALUE"""),19.0) -> 19 | F40: =IFERROR(__xludf.DUMMYFUNCTION("""COMPUTED_VALUE"""),46082.0) -> 46082 | G40: =IFERROR(__xludf.DUMMYFUNCTION("""COMPUTED_VALUE"""),46143.0) -> 46143 | H40: =IFERROR(__xludf.DUMMYFUNCTION("""COMPUTED_VALUE"""),"U/C") -> U/C | I40: =IFERROR(__xludf.DUMMYFUNCTION("""COMPUTED_VALUE"""),"Link") -> Link | J40: =IFERROR(__xludf.DUMMYFUNCTION("""COMPUTED_VALUE"""),"Link") -> Link | L40: =IFERROR(__xludf.DUMMYFUNCTION("""COMPUTED_VALUE"""),FALSE) -> FALSE | M40: =IFERROR(__xludf.DUMMYFUNCTION("""COMPUTED_VALUE"""),FALSE) -> FALSE | N40: =IFERROR(__xludf.DUMMYFUNCTION("""COMPUTED_VALUE"""),"84XM+Q6C, Aljamiah District, Dhahran 34257") -> 84XM+Q6C, Aljamiah District, Dhahran 34257
A41: =IFERROR(__xludf.DUMMYFUNCTION("""COMPUTED_VALUE"""),40.0) -> 40 | B41: =IFERROR(__xludf.DUMMYFUNCTION("""COMPUTED_VALUE"""),"SA - RUH - Yarmuk") -> SA - RUH - Yarmuk | C41: =IFERROR(__xludf.DUMMYFUNCTION("""COMPUTED_VALUE"""),"Link") -> Link | D41: =IFERROR(__xludf.DUMMYFUNCTION("""COMPUTED_VALUE"""),"Yarmuk") -> Yarmuk | E41: =IFERROR(__xludf.DUMMYFUNCTION("""COMPUTED_VALUE"""),27.0) -> 27 | F41: =IFERROR(__xludf.DUMMYFUNCTION("""COMPUTED_VALUE"""),46204.0) -> 46204 | G41: =IFERROR(__xludf.DUMMYFUNCTION("""COMPUTED_VALUE"""),46204.0) -> 46204 | H41: =IFERROR(__xludf.DUMMYFUNCTION("""COMPUTED_VALUE"""),"U/C") -> U/C | I41: =IFERROR(__xludf.DUMMYFUNCTION("""COMPUTED_VALUE"""),"Link") -> Link | J41: =IFERROR(__xludf.DUMMYFUNCTION("""COMPUTED_VALUE"""),"Link") -> Link | K41: =IFERROR(__xludf.DUMMYFUNCTION("""COMPUTED_VALUE"""),"Link") -> Link | L41: =IFERROR(__xludf.DUMMYFUNCTION("""COMPUTED_VALUE"""),FALSE) -> FALSE | M41: =IFERROR(__xludf.DUMMYFUNCTION("""COMPUTED_VALUE"""),FALSE) -> FALSE | N41: =IFERROR(__xludf.DUMMYFUNCTION("""COMPUTED_VALUE"""),"RQ4V+Q27 Al Yarmuk, Riyadh Saudi Arabia") -> RQ4V+Q27 Al Yarmuk, Riyadh Saudi Arabia
A42: =IFERROR(__xludf.DUMMYFUNCTION("""COMPUTED_VALUE"""),41.0) -> 41 | B42: =IFERROR(__xludf.DUMMYFUNCTION("""COMPUTED_VALUE"""),"SA - RUH - Yasmin (2)") -> SA - RUH - Yasmin (2) | C42: =IFERROR(__xludf.DUMMYFUNCTION("""COMPUTED_VALUE"""),"Link") -> Link | D42: =IFERROR(__xludf.DUMMYFUNCTION("""COMPUTED_VALUE"""),"Yasmin (2)") -> Yasmin (2) | E42: =IFERROR(__xludf.DUMMYFUNCTION("""COMPUTED_VALUE"""),23.0) -> 23 | F42: =IFERROR(__xludf.DUMMYFUNCTION("""COMPUTED_VALUE"""),"-") -> - | G42: =IFERROR(__xludf.DUMMYFUNCTION("""COMPUTED_VALUE"""),46675.0) -> 46675 | H42: =IFERROR(__xludf.DUMMYFUNCTION("""COMPUTED_VALUE"""),"U/C") -> U/C | I42: =IFERROR(__xludf.DUMMYFUNCTION("""COMPUTED_VALUE"""),"Link") -> Link | J42: =IFERROR(__xludf.DUMMYFUNCTION("""COMPUTED_VALUE"""),"Link") -> Link | K42: =IFERROR(__xludf.DUMMYFUNCTION("""COMPUTED_VALUE"""),"Link") -> Link | L42: =IFERROR(__xludf.DUMMYFUNCTION("""COMPUTED_VALUE"""),FALSE) -> FALSE | M42: =IFERROR(__xludf.DUMMYFUNCTION("""COMPUTED_VALUE"""),FALSE) -> FALSE | N42: =IFERROR(__xludf.DUMMYFUNCTION("""COMPUTED_VALUE"""),"Al Qadisiyah, Alyasmin, Riyadh 13322") -> Al Qadisiyah, Alyasmin, Riyadh 13322
A43: =IFERROR(__xludf.DUMMYFUNCTION("""COMPUTED_VALUE"""),42.0) -> 42 | B43: =IFERROR(__xludf.DUMMYFUNCTION("""COMPUTED_VALUE"""),"SA - RUH - Al Fayhaa") -> SA - RUH - Al Fayhaa | E43: =IFERROR(__xludf.DUMMYFUNCTION("""COMPUTED_VALUE"""),16.0) -> 16 | F43: =IFERROR(__xludf.DUMMYFUNCTION("""COMPUTED_VALUE"""),46117.0) -> 46117 | G43: =IFERROR(__xludf.DUMMYFUNCTION("""COMPUTED_VALUE"""),46174.0) -> 46174 | H43: =IFERROR(__xludf.DUMMYFUNCTION("""COMPUTED_VALUE"""),"U/C") -> U/C | L43: =IFERROR(__xludf.DUMMYFUNCTION("""COMPUTED_VALUE"""),FALSE) -> FALSE | M43: =IFERROR(__xludf.DUMMYFUNCTION("""COMPUTED_VALUE"""),FALSE) -> FALSE | N43: =IFERROR(__xludf.DUMMYFUNCTION("""COMPUTED_VALUE"""),"MRMC+74W Al Fayha, Riyadh Saudi Arabia") -> MRMC+74W Al Fayha, Riyadh Saudi Arabia
A44: =IFERROR(__xludf.DUMMYFUNCTION("""COMPUTED_VALUE"""),43.0) -> 43 | B44: =IFERROR(__xludf.DUMMYFUNCTION("""COMPUTED_VALUE"""),"SA - RUH - Nazim (2)") -> SA - RUH - Nazim (2) | C44: =IFERROR(__xludf.DUMMYFUNCTION("""COMPUTED_VALUE"""),"Link") -> Link | D44: =IFERROR(__xludf.DUMMYFUNCTION("""COMPUTED_VALUE"""),"Nazim (2)") -> Nazim (2) | E44: =IFERROR(__xludf.DUMMYFUNCTION("""COMPUTED_VALUE"""),22.0) -> 22 | F44: =IFERROR(__xludf.DUMMYFUNCTION("""COMPUTED_VALUE"""),"-") -> - | G44: =IFERROR(__xludf.DUMMYFUNCTION("""COMPUTED_VALUE"""),46280.0) -> 46280 | H44: =IFERROR(__xludf.DUMMYFUNCTION("""COMPUTED_VALUE"""),"Greenlit") -> Greenlit | I44: =IFERROR(__xludf.DUMMYFUNCTION("""COMPUTED_VALUE"""),"Link") -> Link | J44: =IFERROR(__xludf.DUMMYFUNCTION("""COMPUTED_VALUE"""),"Link") -> Link | K44: =IFERROR(__xludf.DUMMYFUNCTION("""COMPUTED_VALUE"""),"Link") -> Link | L44: =IFERROR(__xludf.DUMMYFUNCTION("""COMPUTED_VALUE"""),FALSE) -> FALSE | M44: =IFERROR(__xludf.DUMMYFUNCTION("""COMPUTED_VALUE"""),FALSE) -> FALSE | N44: =IFERROR(__xludf.DUMMYFUNCTION("""COMPUTED_VALUE"""),"QVRP+Q2X Al Nadwa, Riyadh") -> QVRP+Q2X Al Nadwa, Riyadh
A45: =IFERROR(__xludf.DUMMYFUNCTION("""COMPUTED_VALUE"""),44.0) -> 44 | B45: =IFERROR(__xludf.DUMMYFUNCTION("""COMPUTED_VALUE"""),"SA - RUH - Qirawan") -> SA - RUH - Qirawan | C45: =IFERROR(__xludf.DUMMYFUNCTION("""COMPUTED_VALUE"""),"Link") -> Link | D45: =IFERROR(__xludf.DUMMYFUNCTION("""COMPUTED_VALUE"""),"Qirawan") -> Qirawan | E45: =IFERROR(__xludf.DUMMYFUNCTION("""COMPUTED_VALUE"""),25.0) -> 25 | F45: =IFERROR(__xludf.DUMMYFUNCTION("""COMPUTED_VALUE"""),"-") -> - | G45: =IFERROR(__xludf.DUMMYFUNCTION("""COMPUTED_VALUE"""),46266.0) -> 46266 | H45: =IFERROR(__xludf.DUMMYFUNCTION("""COMPUTED_VALUE"""),"U/C") -> U/C | I45: =IFERROR(__xludf.DUMMYFUNCTION("""COMPUTED_VALUE"""),"Link") -> Link | J45: =IFERROR(__xludf.DUMMYFUNCTION("""COMPUTED_VALUE"""),"Link") -> Link | K45: =IFERROR(__xludf.DUMMYFUNCTION("""COMPUTED_VALUE"""),"Link") -> Link | L45: =IFERROR(__xludf.DUMMYFUNCTION("""COMPUTED_VALUE"""),FALSE) -> FALSE | M45: =IFERROR(__xludf.DUMMYFUNCTION("""COMPUTED_VALUE"""),FALSE) -> FALSE | N45: =IFERROR(__xludf.DUMMYFUNCTION("""COMPUTED_VALUE"""),"RJP3+Q66 Al Qirawan, Riyadh Saudi Arabia") -> RJP3+Q66 Al Qirawan, Riyadh Saudi Arabia
A46: =IFERROR(__xludf.DUMMYFUNCTION("""COMPUTED_VALUE"""),45.0) -> 45 | B46: =IFERROR(__xludf.DUMMYFUNCTION("""COMPUTED_VALUE"""),"SA - RUH - Nazim (3)") -> SA - RUH - Nazim (3) | E46: =IFERROR(__xludf.DUMMYFUNCTION("""COMPUTED_VALUE"""),22.0) -> 22 | F46: =IFERROR(__xludf.DUMMYFUNCTION("""COMPUTED_VALUE"""),"-") -> - | G46: =IFERROR(__xludf.DUMMYFUNCTION("""COMPUTED_VALUE"""),46476.0) -> 46476 | H46: =IFERROR(__xludf.DUMMYFUNCTION("""COMPUTED_VALUE"""),"U/C") -> U/C | L46: =IFERROR(__xludf.DUMMYFUNCTION("""COMPUTED_VALUE"""),FALSE) -> FALSE | M46: =IFERROR(__xludf.DUMMYFUNCTION("""COMPUTED_VALUE"""),FALSE) -> FALSE | N46: =IFERROR(__xludf.DUMMYFUNCTION("""COMPUTED_VALUE"""),"RW55+9C2 Al Nadwa, Riyadh") -> RW55+9C2 Al Nadwa, Riyadh
A47: =IFERROR(__xludf.DUMMYFUNCTION("""COMPUTED_VALUE"""),46.0) -> 46 | B47: =IFERROR(__xludf.DUMMYFUNCTION("""COMPUTED_VALUE"""),"SA - RUH - Khaleej (2)") -> SA - RUH - Khaleej (2) | C47: =IFERROR(__xludf.DUMMYFUNCTION("""COMPUTED_VALUE"""),"Link") -> Link | D47: =IFERROR(__xludf.DUMMYFUNCTION("""COMPUTED_VALUE"""),"Khaleej 2") -> Khaleej 2 | E47: =IFERROR(__xludf.DUMMYFUNCTION("""COMPUTED_VALUE"""),12.0) -> 12 | F47: =IFERROR(__xludf.DUMMYFUNCTION("""COMPUTED_VALUE"""),"-") -> - | G47: =IFERROR(__xludf.DUMMYFUNCTION("""COMPUTED_VALUE"""),46600.0) -> 46600 | H47: =IFERROR(__xludf.DUMMYFUNCTION("""COMPUTED_VALUE"""),"Greenlit") -> Greenlit | I47: =IFERROR(__xludf.DUMMYFUNCTION("""COMPUTED_VALUE"""),"Link") -> Link | J47: =IFERROR(__xludf.DUMMYFUNCTION("""COMPUTED_VALUE"""),"Link") -> Link | K47: =IFERROR(__xludf.DUMMYFUNCTION("""COMPUTED_VALUE"""),"Link") -> Link | L47: =IFERROR(__xludf.DUMMYFUNCTION("""COMPUTED_VALUE"""),FALSE) -> FALSE | M47: =IFERROR(__xludf.DUMMYFUNCTION("""COMPUTED_VALUE"""),FALSE) -> FALSE | N47: =IFERROR(__xludf.DUMMYFUNCTION("""COMPUTED_VALUE"""),"QQCW+3Q Al Khaleej, Riyadh") -> QQCW+3Q Al Khaleej, Riyadh
A48: =IFERROR(__xludf.DUMMYFUNCTION("""COMPUTED_VALUE"""),47.0) -> 47 | B48: =IFERROR(__xludf.DUMMYFUNCTION("""COMPUTED_VALUE"""),"SA - RUH - Masiaf") -> SA - RUH - Masiaf | C48: =IFERROR(__xludf.DUMMYFUNCTION("""COMPUTED_VALUE"""),"Link") -> Link | D48: =IFERROR(__xludf.DUMMYFUNCTION("""COMPUTED_VALUE"""),"Masiaf") -> Masiaf | E48: =IFERROR(__xludf.DUMMYFUNCTION("""COMPUTED_VALUE"""),24.0) -> 24 | F48: =IFERROR(__xludf.DUMMYFUNCTION("""COMPUTED_VALUE"""),"-") -> - | G48: =IFERROR(__xludf.DUMMYFUNCTION("""COMPUTED_VALUE"""),46380.0) -> 46380 | H48: =IFERROR(__xludf.DUMMYFUNCTION("""COMPUTED_VALUE"""),"U/C") -> U/C | I48: =IFERROR(__xludf.DUMMYFUNCTION("""COMPUTED_VALUE"""),"Link") -> Link | J48: =IFERROR(__xludf.DUMMYFUNCTION("""COMPUTED_VALUE"""),"Link") -> Link | K48: =IFERROR(__xludf.DUMMYFUNCTION("""COMPUTED_VALUE"""),"Link") -> Link | L48: =IFERROR(__xludf.DUMMYFUNCTION("""COMPUTED_VALUE"""),FALSE) -> FALSE | M48: =IFERROR(__xludf.DUMMYFUNCTION("""COMPUTED_VALUE"""),FALSE) -> FALSE | N48: =IFERROR(__xludf.DUMMYFUNCTION("""COMPUTED_VALUE"""),"QM7H+MXC Almasiaf, Riyadh") -> QM7H+MXC Almasiaf, Riyadh
A49: =IFERROR(__xludf.DUMMYFUNCTION("""COMPUTED_VALUE"""),48.0) -> 48 | B49: =IFERROR(__xludf.DUMMYFUNCTION("""COMPUTED_VALUE"""),"SA - RUH - Malga (3)") -> SA - RUH - Malga (3) | C49: =IFERROR(__xludf.DUMMYFUNCTION("""COMPUTED_VALUE"""),"Link") -> Link | D49: =IFERROR(__xludf.DUMMYFUNCTION("""COMPUTED_VALUE"""),"Malga (3)") -> Malga (3) | E49: =IFERROR(__xludf.DUMMYFUNCTION("""COMPUTED_VALUE"""),26.0) -> 26 | F49: =IFERROR(__xludf.DUMMYFUNCTION("""COMPUTED_VALUE"""),"-") -> - | G49: =IFERROR(__xludf.DUMMYFUNCTION("""COMPUTED_VALUE"""),46447.0) -> 46447 | H49: =IFERROR(__xludf.DUMMYFUNCTION("""COMPUTED_VALUE"""),"U/C") -> U/C | I49: =IFERROR(__xludf.DUMMYFUNCTION("""COMPUTED_VALUE"""),"Link") -> Link | J49: =IFERROR(__xludf.DUMMYFUNCTION("""COMPUTED_VALUE"""),"Link") -> Link | K49: =IFERROR(__xludf.DUMMYFUNCTION("""COMPUTED_VALUE"""),"Link") -> Link | L49: =IFERROR(__xludf.DUMMYFUNCTION("""COMPUTED_VALUE"""),FALSE) -> FALSE | M49: =IFERROR(__xludf.DUMMYFUNCTION("""COMPUTED_VALUE"""),FALSE) -> FALSE | N49: =IFERROR(__xludf.DUMMYFUNCTION("""COMPUTED_VALUE"""),"RH4W+353 Al Malqa, Riyadh") -> RH4W+353 Al Malqa, Riyadh
A50: =IFERROR(__xludf.DUMMYFUNCTION("""COMPUTED_VALUE"""),49.0) -> 49 | B50: =IFERROR(__xludf.DUMMYFUNCTION("""COMPUTED_VALUE"""),"SA - RUH - Muruj") -> SA - RUH - Muruj | C50: =IFERROR(__xludf.DUMMYFUNCTION("""COMPUTED_VALUE"""),"Link") -> Link | D50: =IFERROR(__xludf.DUMMYFUNCTION("""COMPUTED_VALUE"""),"Muruj") -> Muruj | E50: =IFERROR(__xludf.DUMMYFUNCTION("""COMPUTED_VALUE"""),24.0) -> 24 | F50: =IFERROR(__xludf.DUMMYFUNCTION("""COMPUTED_VALUE"""),"-") -> - | G50: =IFERROR(__xludf.DUMMYFUNCTION("""COMPUTED_VALUE"""),46539.0) -> 46539 | H50: =IFERROR(__xludf.DUMMYFUNCTION("""COMPUTED_VALUE"""),"U/C") -> U/C | I50: =IFERROR(__xludf.DUMMYFUNCTION("""COMPUTED_VALUE"""),"Link") -> Link | J50: =IFERROR(__xludf.DUMMYFUNCTION("""COMPUTED_VALUE"""),"Link") -> Link | K50: =IFERROR(__xludf.DUMMYFUNCTION("""COMPUTED_VALUE"""),"Link") -> Link | L50: =IFERROR(__xludf.DUMMYFUNCTION("""COMPUTED_VALUE"""),FALSE) -> FALSE | M50: =IFERROR(__xludf.DUMMYFUNCTION("""COMPUTED_VALUE"""),FALSE) -> FALSE | N50: =IFERROR(__xludf.DUMMYFUNCTION("""COMPUTED_VALUE"""),"6844 Ibn Ziad, Al Muruj, 3036، Riyadh 12281, Saudi Arabia") -> 6844 Ibn Ziad, Al Muruj, 3036، Riyadh 12281, Saudi Arabia
A51: =IFERROR(__xludf.DUMMYFUNCTION("""COMPUTED_VALUE"""),50.0) -> 50 | B51: =IFERROR(__xludf.DUMMYFUNCTION("""COMPUTED_VALUE"""),"SA - RUH - Izdihar") -> SA - RUH - Izdihar | C51: =IFERROR(__xludf.DUMMYFUNCTION("""COMPUTED_VALUE"""),"Link") -> Link | D51: =IFERROR(__xludf.DUMMYFUNCTION("""COMPUTED_VALUE"""),"Izdihar") -> Izdihar | E51: =IFERROR(__xludf.DUMMYFUNCTION("""COMPUTED_VALUE"""),22.0) -> 22 | F51: =IFERROR(__xludf.DUMMYFUNCTION("""COMPUTED_VALUE"""),"-") -> - | G51: =IFERROR(__xludf.DUMMYFUNCTION("""COMPUTED_VALUE"""),46380.0) -> 46380 | H51: =IFERROR(__xludf.DUMMYFUNCTION("""COMPUTED_VALUE"""),"U/C") -> U/C | I51: =IFERROR(__xludf.DUMMYFUNCTION("""COMPUTED_VALUE"""),"Link") -> Link | J51: =IFERROR(__xludf.DUMMYFUNCTION("""COMPUTED_VALUE"""),"Link") -> Link | K51: =IFERROR(__xludf.DUMMYFUNCTION("""COMPUTED_VALUE"""),"Link") -> Link | L51: =IFERROR(__xludf.DUMMYFUNCTION("""COMPUTED_VALUE"""),FALSE) -> FALSE | M51: =IFERROR(__xludf.DUMMYFUNCTION("""COMPUTED_VALUE"""),FALSE) -> FALSE | N51: =IFERROR(__xludf.DUMMYFUNCTION("""COMPUTED_VALUE"""),"QPM6+F9 Al Izdihar, Riyadh") -> QPM6+F9 Al Izdihar, Riyadh
A52: =IFERROR(__xludf.DUMMYFUNCTION("""COMPUTED_VALUE"""),51.0) -> 51 | B52: =IFERROR(__xludf.DUMMYFUNCTION("""COMPUTED_VALUE"""),"SA - RUH - Sweidi (4)") -> SA - RUH - Sweidi (4) | E52: =IFERROR(__xludf.DUMMYFUNCTION("""COMPUTED_VALUE"""),16.0) -> 16 | F52: =IFERROR(__xludf.DUMMYFUNCTION("""COMPUTED_VALUE"""),46296.0) -> 46296 | G52: =IFERROR(__xludf.DUMMYFUNCTION("""COMPUTED_VALUE"""),46174.0) -> 46174 | H52: =IFERROR(__xludf.DUMMYFUNCTION("""COMPUTED_VALUE"""),"U/C") -> U/C | L52: =IFERROR(__xludf.DUMMYFUNCTION("""COMPUTED_VALUE"""),FALSE) -> FALSE | M52: =IFERROR(__xludf.DUMMYFUNCTION("""COMPUTED_VALUE"""),FALSE) -> FALSE | N52: =IFERROR(__xludf.DUMMYFUNCTION("""COMPUTED_VALUE"""),"HMXG+CXV As Suwaidi, Riyadh") -> HMXG+CXV As Suwaidi, Riyadh
A53: =IFERROR(__xludf.DUMMYFUNCTION("""COMPUTED_VALUE"""),52.0) -> 52 | B53: =IFERROR(__xludf.DUMMYFUNCTION("""COMPUTED_VALUE"""),"SA - RUH - Aqiq (3)") -> SA - RUH - Aqiq (3) | C53: =IFERROR(__xludf.DUMMYFUNCTION("""COMPUTED_VALUE"""),"Link") -> Link | D53: =IFERROR(__xludf.DUMMYFUNCTION("""COMPUTED_VALUE"""),"Aqiq (3)") -> Aqiq (3) | E53: =IFERROR(__xludf.DUMMYFUNCTION("""COMPUTED_VALUE"""),15.0) -> 15 | F53: =IFERROR(__xludf.DUMMYFUNCTION("""COMPUTED_VALUE"""),"-") -> - | G53: =IFERROR(__xludf.DUMMYFUNCTION("""COMPUTED_VALUE"""),46383.0) -> 46383 | H53: =IFERROR(__xludf.DUMMYFUNCTION("""COMPUTED_VALUE"""),"U/C") -> U/C | I53: =IFERROR(__xludf.DUMMYFUNCTION("""COMPUTED_VALUE"""),"Link") -> Link | J53: =IFERROR(__xludf.DUMMYFUNCTION("""COMPUTED_VALUE"""),"Link") -> Link | K53: =IFERROR(__xludf.DUMMYFUNCTION("""COMPUTED_VALUE"""),"Link") -> Link | L53: =IFERROR(__xludf.DUMMYFUNCTION("""COMPUTED_VALUE"""),FALSE) -> FALSE | M53: =IFERROR(__xludf.DUMMYFUNCTION("""COMPUTED_VALUE"""),FALSE) -> FALSE | N53: =IFERROR(__xludf.DUMMYFUNCTION("""COMPUTED_VALUE"""),"QJJJ+38F Al Aqiq, Riyadh") -> QJJJ+38F Al Aqiq, Riyadh
A54: =IFERROR(__xludf.DUMMYFUNCTION("""COMPUTED_VALUE"""),53.0) -> 53 | B54: =IFERROR(__xludf.DUMMYFUNCTION("""COMPUTED_VALUE"""),"SA - RUH - Nuzha") -> SA - RUH - Nuzha | C54: =IFERROR(__xludf.DUMMYFUNCTION("""COMPUTED_VALUE"""),"Link") -> Link | D54: =IFERROR(__xludf.DUMMYFUNCTION("""COMPUTED_VALUE"""),"Nuzha") -> Nuzha | E54: =IFERROR(__xludf.DUMMYFUNCTION("""COMPUTED_VALUE"""),25.0) -> 25 | F54: =IFERROR(__xludf.DUMMYFUNCTION("""COMPUTED_VALUE"""),"-") -> - | G54: =IFERROR(__xludf.DUMMYFUNCTION("""COMPUTED_VALUE"""),46447.0) -> 46447 | H54: =IFERROR(__xludf.DUMMYFUNCTION("""COMPUTED_VALUE"""),"U/C") -> U/C | I54: =IFERROR(__xludf.DUMMYFUNCTION("""COMPUTED_VALUE"""),"Link") -> Link | J54: =IFERROR(__xludf.DUMMYFUNCTION("""COMPUTED_VALUE"""),"Link") -> Link | K54: =IFERROR(__xludf.DUMMYFUNCTION("""COMPUTED_VALUE"""),"Link") -> Link | L54: =IFERROR(__xludf.DUMMYFUNCTION("""COMPUTED_VALUE"""),FALSE) -> FALSE | M54: =IFERROR(__xludf.DUMMYFUNCTION("""COMPUTED_VALUE"""),FALSE) -> FALSE | N54: =IFERROR(__xludf.DUMMYFUNCTION("""COMPUTED_VALUE"""),"QM36+97 Al Nuzha, Riyadh") -> QM36+97 Al Nuzha, Riyadh
A55: =IFERROR(__xludf.DUMMYFUNCTION("""COMPUTED_VALUE"""),54.0) -> 54 | B55: =IFERROR(__xludf.DUMMYFUNCTION("""COMPUTED_VALUE"""),"SA - RUH - Arid (3)") -> SA - RUH - Arid (3) | C55: =IFERROR(__xludf.DUMMYFUNCTION("""COMPUTED_VALUE"""),"Link") -> Link | D55: =IFERROR(__xludf.DUMMYFUNCTION("""COMPUTED_VALUE"""),"Arid (3)") -> Arid (3) | E55: =IFERROR(__xludf.DUMMYFUNCTION("""COMPUTED_VALUE"""),15.0) -> 15 | F55: =IFERROR(__xludf.DUMMYFUNCTION("""COMPUTED_VALUE"""),"-") -> - | G55: =IFERROR(__xludf.DUMMYFUNCTION("""COMPUTED_VALUE"""),46386.0) -> 46386 | H55: =IFERROR(__xludf.DUMMYFUNCTION("""COMPUTED_VALUE"""),"U/C") -> U/C | I55: =IFERROR(__xludf.DUMMYFUNCTION("""COMPUTED_VALUE"""),"Link") -> Link | J55: =IFERROR(__xludf.DUMMYFUNCTION("""COMPUTED_VALUE"""),"Link") -> Link | L55: =IFERROR(__xludf.DUMMYFUNCTION("""COMPUTED_VALUE"""),FALSE) -> FALSE | M55: =IFERROR(__xludf.DUMMYFUNCTION("""COMPUTED_VALUE"""),FALSE) -> FALSE | N55: =IFERROR(__xludf.DUMMYFUNCTION("""COMPUTED_VALUE"""),"VJH4+VCF Al Aarid, Riyadh") -> VJH4+VCF Al Aarid, Riyadh
A56: =IFERROR(__xludf.DUMMYFUNCTION("""COMPUTED_VALUE"""),55.0) -> 55 | B56: =IFERROR(__xludf.DUMMYFUNCTION("""COMPUTED_VALUE"""),"SA - RUH - Umm Al Hamam") -> SA - RUH - Umm Al Hamam | C56: =IFERROR(__xludf.DUMMYFUNCTION("""COMPUTED_VALUE"""),"Link") -> Link | D56: =IFERROR(__xludf.DUMMYFUNCTION("""COMPUTED_VALUE"""),"Umm Al Hamam") -> Umm Al Hamam | E56: =IFERROR(__xludf.DUMMYFUNCTION("""COMPUTED_VALUE"""),21.0) -> 21 | F56: =IFERROR(__xludf.DUMMYFUNCTION("""COMPUTED_VALUE"""),46357.0) -> 46357 | G56: =IFERROR(__xludf.DUMMYFUNCTION("""COMPUTED_VALUE"""),46447.0) -> 46447 | H56: =IFERROR(__xludf.DUMMYFUNCTION("""COMPUTED_VALUE"""),"Greenlit") -> Greenlit | I56: =IFERROR(__xludf.DUMMYFUNCTION("""COMPUTED_VALUE"""),"Link") -> Link | J56: =IFERROR(__xludf.DUMMYFUNCTION("""COMPUTED_VALUE"""),"Link") -> Link | K56: =IFERROR(__xludf.DUMMYFUNCTION("""COMPUTED_VALUE"""),"Link") -> Link | L56: =IFERROR(__xludf.DUMMYFUNCTION("""COMPUTED_VALUE"""),FALSE) -> FALSE | M56: =IFERROR(__xludf.DUMMYFUNCTION("""COMPUTED_VALUE"""),FALSE) -> FALSE | N56: =IFERROR(__xludf.DUMMYFUNCTION("""COMPUTED_VALUE"""),"MJPR+7X Umm Al Hamam Al Gharbi, Riyadh") -> MJPR+7X Umm Al Hamam Al Gharbi, Riyadh
A57: =IFERROR(__xludf.DUMMYFUNCTION("""COMPUTED_VALUE"""),56.0) -> 56 | B57: =IFERROR(__xludf.DUMMYFUNCTION("""COMPUTED_VALUE"""),"SA - RUH - Munisiya") -> SA - RUH - Munisiya | C57: =IFERROR(__xludf.DUMMYFUNCTION("""COMPUTED_VALUE"""),"Link") -> Link | D57: =IFERROR(__xludf.DUMMYFUNCTION("""COMPUTED_VALUE"""),"Munisiya") -> Munisiya | E57: =IFERROR(__xludf.DUMMYFUNCTION("""COMPUTED_VALUE"""),21.0) -> 21 | F57: =IFERROR(__xludf.DUMMYFUNCTION("""COMPUTED_VALUE"""),"-") -> - | G57: =IFERROR(__xludf.DUMMYFUNCTION("""COMPUTED_VALUE"""),46600.0) -> 46600 | H57: =IFERROR(__xludf.DUMMYFUNCTION("""COMPUTED_VALUE"""),"U/C") -> U/C | I57: =IFERROR(__xludf.DUMMYFUNCTION("""COMPUTED_VALUE"""),"Link") -> Link | J57: =IFERROR(__xludf.DUMMYFUNCTION("""COMPUTED_VALUE"""),"Link") -> Link | K57: =IFERROR(__xludf.DUMMYFUNCTION("""COMPUTED_VALUE"""),"Link") -> Link | L57: =IFERROR(__xludf.DUMMYFUNCTION("""COMPUTED_VALUE"""),FALSE) -> FALSE | M57: =IFERROR(__xludf.DUMMYFUNCTION("""COMPUTED_VALUE"""),FALSE) -> FALSE | N57: =IFERROR(__xludf.DUMMYFUNCTION("""COMPUTED_VALUE"""),"RQQ9+7M Al Munsiyah, Riyadh") -> RQQ9+7M Al Munsiyah, Riyadh
A58: =IFERROR(__xludf.DUMMYFUNCTION("""COMPUTED_VALUE"""),57.0) -> 57 | B58: =IFERROR(__xludf.DUMMYFUNCTION("""COMPUTED_VALUE"""),"SA - RUH - Zahra") -> SA - RUH - Zahra | C58: =IFERROR(__xludf.DUMMYFUNCTION("""COMPUTED_VALUE"""),"Link") -> Link | D58: =IFERROR(__xludf.DUMMYFUNCTION("""COMPUTED_VALUE"""),"Zahra") -> Zahra | E58: =IFERROR(__xludf.DUMMYFUNCTION("""COMPUTED_VALUE"""),11.0) -> 11 | F58: =IFERROR(__xludf.DUMMYFUNCTION("""COMPUTED_VALUE"""),46235.0) -> 46235 | G58: =IFERROR(__xludf.DUMMYFUNCTION("""COMPUTED_VALUE"""),46327.0) -> 46327 | H58: =IFERROR(__xludf.DUMMYFUNCTION("""COMPUTED_VALUE"""),"U/C") -> U/C | I58: =IFERROR(__xludf.DUMMYFUNCTION("""COMPUTED_VALUE"""),"Link") -> Link | J58: =IFERROR(__xludf.DUMMYFUNCTION("""COMPUTED_VALUE"""),"Link") -> Link | K58: =IFERROR(__xludf.DUMMYFUNCTION("""COMPUTED_VALUE"""),"Link") -> Link | L58: =IFERROR(__xludf.DUMMYFUNCTION("""COMPUTED_VALUE"""),FALSE) -> FALSE | M58: =IFERROR(__xludf.DUMMYFUNCTION("""COMPUTED_VALUE"""),FALSE) -> FALSE | N58: =IFERROR(__xludf.DUMMYFUNCTION("""COMPUTED_VALUE"""),"RIZD3838، 3838 أبي محمد العلاف، 7627، حي الزهرة, Riyadh 12986") -> RIZD3838، 3838 أبي محمد العلاف، 7627، حي الزهرة, Riyadh 12986

Sheet Inflation FPx
A1: Facility | B1: Live Date | C1: Years Since Live | D1: Multiplier (CPI based) | E1: Current Multiplier | F1: New Multiplier
A2: SA - RUH - Qurtoba | B2: 44090 | C2: 4.6794521 | D2: 1.1255088 | E2: 1.3 | F2: =E2/D2 -> 1.1550332
A3: SA - RUH - Wadi | B3: 44130 | C3: 4.569863 | D3: 1.1255088 | E3: 0.8 | F3: =E3/D3 -> 0.71078964
A4: SA - RUH - Olaya | B4: 44168 | C4: 4.4657534 | D4: 1.1255088 | E4: 1.05 | F4: =E4/D4 -> 0.9329114
A5: SA - RUH - Dahrat Laban | B5: 44270 | C5: 4.1863014 | D5: 1.1255088 | E5: 0.8 | F5: =E5/D5 -> 0.71078964
A6: SA - RUH - Sweidi | B6: 44356 | C6: 3.9506849 | D6: 1.1255088 | E6: 1.25 | F6: =E6/D6 -> 1.1106088
A7: SA - RUH - Malga (1) | B7: 44642 | C7: 3.1671233 | D7: 1.092727 | E7: 1.35 | F7: =E7/D7 -> 1.2354412
A8: SA - KBR - Aqrabiya | B8: 44788 | C8: 2.7671233 | D8: 1.0609 | E8: 1.15 | F8: =E8/D8 -> 1.0839853
A9: SA - RUH - Khaleej | B9: 44805 | C9: 2.7205479 | D9: 1.0609 | E9: 1.3 | F9: =E9/D9 -> 1.2253747
A10: SA - RUH - Aqiq | B10: 44910 | C10: 2.4328767 | D10: 1.0609 | E10: 1.35 | F10: =E10/D10 -> 1.2725045
A11: SA - RUH - Malga (2) | B11: 44927 | C11: 2.3863014 | D11: 1.0609 | E11: 1.35 | F11: =E11/D11 -> 1.2725045
A12: SA - RUH - King Fahd | B12: 44941 | C12: 2.3479452 | D12: 1.0609 | E12: 1.15 | F12: =E12/D12 -> 1.0839853
A13: SA - RUH - Rawda | B13: 44986 | C13: 2.2246575 | D13: 1.0609 | E13: 1.1 | F13: =E13/D13 -> 1.0368555
... A24: SA - RUH - Yasmin | B24: 45337 | C24: 1.2630137 | D24: 1.03 | E24: 1.25 | F24: =E24/D24 -> 1.2135922

Sheet Price Multipliers
A1: Country | B1: Account Name | C1: Account ID 18 | D1: Floor Price Multiplier | E1: Total Kitchen Numbers
A2: UAE | B2: UAE - DXB - Marina (1) | C2: 001VO00000eG7xlYAC | E2: 0
A3: UAE | B3: UAE - DXB - Arjan (1) | C3: 001VO00000eG7xmYAC | E3: 0
A4: Saudi Arabia | B4: SA - DMM - Ghirnatah | C4: 001VO00000dL76VYAS | E4: 0
A5: Saudi Arabia | B5: SA - DMM - Hamra | C5: 001VO00000dL76WYAS | E5: 0
A6: Saudi Arabia | B6: SA - DMM - Jamiah | C6: 001VO00000dL76XYAS | E6: 0
A7: Saudi Arabia | B7: SA - DMM - Manar | C7: 001VO00000dL76YYAS | E7: 0
A8: Saudi Arabia | B8: SA - DMM - Rabiah | C8: 001VO00000dL76ZYAS | E8: 0
A9: Saudi Arabia | B9: SA - RUH - Yasmin (2) | C9: 001VO00000jV2JlYAK | E9: 0
A10: Saudi Arabia | B10: SA - RUH - Qirawan | C10: 001VO00000jxtBVYAY | E10: 0
A11: Saudi Arabia | B11: SA - RUH - Masiaf | C11: 001VO00000lZGy6YAG | E11: 0
A12: UAE | B12: UAE - AD - City of Light | C12: 0015G00001kJJvaQAG | D12: 1 | E12: 21
A13: UAE | B13: UAE - DXB - Motor City (2) | C13: 0015G00001mytdyQAA | D13: 1.2 | E13: 23
A14: Kuwait | B14: KWT - KWC - Khaitan (1) | C14: 0015G00001nxltJQAQ | D14: 1.15 | E14: 16
A15: UAE | B15: UAE - DXB - Uptown Mirdif (Do Not Use) | C15: 0015G00001nzoQbQAI | D15: 1 | E15: 0
A16: Saudi Arabia | B16: SA - RUH - Khaleej | C16: 0015G00001o0c2eQAA | D16: 1.45 | E16: 34
A17: Saudi Arabia | B17: SA - RUH - Taawun | C17: 001VO00000Me82GYAR | D17: 1.1 | E17: 0
A18: UAE | B18: UAE - DXB - Hessa | C18: 001VO00000Me94nYAB | E18: 21
A19: Saudi Arabia | B19: SA - RUH - King Faisal | C19: 001VO00000MeClrYAF | D19: 1.3 | E19: 23
A20: Saudi Arabia | B20: SA - RUH - Arid (2) | C20: 001VO00000MeJnGYAV | D20: 1.2 | E20: 18
A21: Kuwait | B21: KWT - KWC - Hawally (5) | C21: 001VO00000MeKOOYA3 | E21: 11
A22: Kuwait | B22: KWT - KWC - Farwaniya | C22: 0016T00002yN1oaQAC | D22: 1.15 | E22: 24
A23: Saudi Arabia | B23: SA - DMM - Rawda | C23: 0016T00002yN6yLQAS | D23: 1.2 | E23: 24
A24: Saudi Arabia | B24: SA - JED - Rehab | C24: 0016T00002yN7BPQA0 | D24: 1 | E24: 18
A25: Saudi Arabia | B25: SA - RUH - Narjis | C25: 0016T00002zNqFUQA0 | D25: 1.15 | E25: 27
A26: Kuwait | B26: KWT - KWC - Hawally (2) | C26: 0015G00001ehhafQAA | D26: 1.3 | E26: 11
A27: UAE | B27: UAE - DXB - JLT (2) | C27: 0015G00001ejUvVQAU | D27: 1.2 | E27: 20
A28: Kuwait | B28: KWT - KWC - Salmiya | C28: 0015G00001feQrpQAE | D28: 1.15 | E28: 27
A29: Kuwait | B29: KWT - KWC - Sharq | C29: 0015G00001gsM1JQAU | D29: 1 | E29: 12
A30: Kuwait | B30: KWT - KWC - Ardiya (1) | C30: 0015G00001hcs12QAA | D30: 1.2 | E30: 13
A31: UAE | B31: UAE - DXB - Business Bay (2) | C31: 001f400001LqldhAAB | D31: 1.2 | E31: 11
A32: Kuwait | B32: KWT - KWC - Qibla (1) Basement | C32: 001f400001MElfxAAD | D32: 1 | E32: 14
A33: Kuwait | B33: KWT - KWC - Jahra (1) Mezz | C33: 001f400001NW8IlAAL | D33: 1.2 | E33: 14
A34: Saudi Arabia | B34: SA - RUH - Dahrat Laban | C34: 001f400001OfzR1AAJ | D34: 1 | E34: 38
A35: UAE | B35: UAE - DXB - Jabal Ali | C35: 001VO00000la9uXYAQ | E35: 23
A36: Kuwait | B36: KWT - KWC - Hawally (6) | C36: 001VO00000lxWs7YAE | E36: 40
A37: Saudi Arabia | B37: SA - RUH - Al Fayhaa | C37: 001VO00000nN7vtYAC | E37: 0
A38: Saudi Arabia | B38: SA - RUH - Izdihar | C38: 001VO00000nNMEyYAO | E38: 0
A39: Saudi Arabia | B39: SA - RUH - Muruj | C39: 001VO00000o8lbLYAQ | E39: 0
A40: Saudi Arabia | B40: SA - RUH - Sweidi (2) | C40: 001VO00000As8kQYAR | D40: 1.05 | E40: 13
A41: Kuwait | B41: KWT - KWC - Jahra (3) | C41: 001VO00000BL0wNYAT | D41: 1 | E41: 12
A42: Saudi Arabia | B42: SA - RUH - Mursalat | C42: 001VO00000FJExxYAH | D42: 1 | E42: 0
A43: UAE | B43: UAE - SHJ - Falah | C43: 001VO00000FrP1SYAV | D43: 1 | E43: 16
A44: Saudi Arabia | B44: SA - RUH - Sulimaniyah | C44: 0016T00002zNqRbQAK | D44: 1.3 | E44: 25
A45: UAE | B45: UAE - SHJ - Centre | C45: 0016T00002zQvwDQAS | D45: 1 | E45: 16
A46: UAE | B46: UAE - DXB - Deira | C46: 0016T000030PG9ZQAW | D46: 1 | E46: 24
A47: Saudi Arabia | B47: SA - AHS - Hofuf | C47: 0016T000030PGBNQA4 | D47: 0.8 | E47: 20
A48: UAE | B48: UAE - DXB - Sufouh | C48: 0016T000030RZaCQAW | D48: 1.2 | E48: 16
A49: Saudi Arabia | B49: SA - RUH - Yasmin | C49: 0016T000031iBLBQA2 | D49: 1.3 | E49: 20
A50: Kuwait | B50: KWT - KWC - Ardiya (2) | C50: 0016T0000324dgbQAA | D50: 1.15 | E50: 14
A51: UAE | B51: UAE - DXB - Business Bay (3) | C51: 0016T000032PcVVQA0 | D51: 1 | E51: 0
... A86: Saudi Arabia | B86: SA - RUH - Al Nazim | C86: 001VO00000AEYiSYAX | D86: 1.2 | E86: 22
A87: UAE | B87: UAE - DXB - Quoz (1) | C87: 001VO00000NaeL3YAJ | E87: 14
A88: Kuwait | B88: KWT - KWC - Salwa (2) | C88: 001VO00000R1CkMYAV | D88: 1.05 | E88: 11
A89: Saudi Arabia | B89: SA - RUH - Aqiq (2) | C89: 001VO00000RaJpNYAV | D89: 1.1 | E89: 13
A90: Kuwait | B90: KWT - JAB - Jabriya (2) | C90: 001VO00000UkCrQYAV | D90: 1.05 | E90: 11
A91: Kuwait | B91: KWT - KWC - Messilah | C91: 001VO00000UkWi0YAF | E91: 11
A92: UAE | B92: UAE - DXB - Quoz (2) | C92: 001VO00000UkZG2YAN | E92: 11
A93: Saudi Arabia | B93: SA - KBR - Rakah | C93: 001VO00000W4cPPYAZ | D93: 1.1 | E93: 17
A94: Saudi Arabia | B94: SA - RUH - Sweidi (3) | C94: 001VO00000cdJGGYA2 | E94: 0
A95: UAE | B95: UAE - DXB - Arjan (2) | C95: 001VO00000cdMvhYAE | E95: 0
A96: Saudi Arabia | B96: SA - DMM - Adama | C96: 001VO00000dL76UYAS | E96: 0
A97: Saudi Arabia | B97: SA - DMM - Uhud | C97: 001VO00000dL76aYAC | E97: 0
A98: Saudi Arabia | B98: SA - KBR - Aqrabiya (2) | C98: 001VO00000dL76bYAC | E98: 0
A99: Saudi Arabia | B99: SA - RUH - Ash Shifa | C99: 001VO00000dL76cYAC | E99: 0
A100: Saudi Arabia | B100: SA - RUH - Wurud | C100: 001VO00000doIkuYAE | D100: 1 | E100: 22
A101: Saudi Arabia | B101: SA - RUH - Sahafa | C101: 001VO00000doJtqYAE | E101: 0
A102: Saudi Arabia | B102: SA - DMM - Ghirnatah (2) | C102: 001VO00000doOIPYA2 | E102: 14
A103: Saudi Arabia | B103: SA - JED - Rabwa | C103: 001VO00000fCBpiYAG | E103: 0
A104: Saudi Arabia | B104: SA - RUH - Yarmuk | C104: 001VO00000fCgtcYAC | D104: 1 | E104: 0
A105: UAE | B105: UAE - DXB - Warsan | C105: 001VO00000fD0nOYAS | E105: 0
A106: Saudi Arabia | B106: SA - RUH - Nasim | C106: 001VO00000fTg2fYAC | E106: 0
A107: Saudi Arabia | B107: SA - RUH - Malga (3) | C107: 001VO00000o8lg6YAA | E107: 0
A108: Saudi Arabia | B108: SA - RUH - Aqiq (3) | C108: 001VO00000o8pJvYAI | E108: 0
A109: UAE | B109: UAE - DXB - Business Bay (1) | C109: 001f400001HXpHyAAL | D109: 1.2 | E109: 26
A110: UAE | B110: UAE - DXB - JLT (1) | C110: 001f400001HXpHzAAL | D110: 1.2 | E110: 20
A111: UAE | B111: UAE - DXB - Motor City (1) | C111: 001f400001HXpI0AAL | D111: 1.2 | E111: 20
A112: Kuwait | B112: KWT - KWC - Qurain | C112: 001f400001HXpI6AAL | D112: 1.1 | E112: 36
A113: Saudi Arabia | B113: SA - RUH - Olaya | C113: 001f400001HXpIIAA1 | D113: 1.1 | E113: 22
A114: Saudi Arabia | B114: SA - RUH - Qurtoba | C114: 001f400001HXpIJAA1 | D114: 1.4 | E114: 53
A115: Saudi Arabia | B115: SA - RUH - Wadi | C115: 001f400001HXpIKAA1 | D115: 1 | E115: 56
A116: Kuwait | B116: KWT - KWC - Fahaheel | C116: 001f400001QiqGJAAZ | D116: 1.05 | E116: 13
A117: Kuwait | B117: KWT - KWC - Jahra (2) Basement | C117: 001f400001RgnoyAAB | D117: 1.2 | E117: 20
A118: Kuwait | B118: KWT - KWC - Hawally (1) | C118: 001f400001UCUPCAA5 | D118: 1.3 | E118: 19
A119: Saudi Arabia | B119: SA - EP - ProFood Holding Facility | C119: 001VO00000dgRLYYA2 | E119: 0
A120: UAE | B120: UAE - DXB - ProFood Holding Facility | C120: 001VO00000dgVDtYAM | E120: 0
A121: Saudi Arabia | B121: SA - RUH - ProFood Holding Facility | C121: 001VO00000dgZZFYA2 | E121: 0
A122: Kuwait | B122: KWT - KWC - ProFood Holding Facility | C122: 001VO00000dgZkVYAU | E122: 0
A123: Saudi Arabia | B123: SA - JED - ProFood Holding Facility | C123: 001VO00000dgeXFYAY | E123: 0
A124: UAE | B124: UAE - AD - ProFood Holding Facility | C124: 001VO00000dgetpYAA | E124: 0
A125: UAE | B125: UAE - SHJ - Muwaileh - EK | C125: 001VO00000hzvv6YAA | E125: 6
A126: UAE | B126: UAE - DXB - Business Bay (3) - EK | C126: 001VO00000i0VdZYAU | E126: 4
A127: UAE | B127: UAE - DXB - Business Bay (4) - EK | C127: 001VO00000i0VdaYAE | E127: 12
A128: UAE | B128: UAE - DXB - Hessa (2) - EK | C128: 001VO00000i0VdbYAE | E128: 6
A129: UAE | B129: UAE - DXB - Hessa (3) - EK | C129: 001VO00000i0VdcYAE | E129: 7
A130: UAE | B130: UAE - DXB - Arjan (3) - EK | C130: 001VO00000i0VddYAE | E130: 13
... A142: Saudi Arabia | B142: SA - RUH - Munisiya | C142: 001VO00000u2caSYAQ | E142: 0

Sheet Occupancy
A1: Facility | B1: Status (Live / Not Live) | C1: Vacant Kitchens | D1: Sold Kitchens | E1: Occupied Kitchens | F1: Churning Kitchens | G1: Total Live Kitchens | H1: True Total Kitchens | I1: Sold Rate | J1: Occupancy | K1: Current Multiplier | L1: Suggested Multiplier | M1: Difference
A2: SA - RUH - Qurtoba | B2: Live | C2: =COUNTIF(Qurtoba!D:D,"Vacant") -> 9 | D2: =COUNTIF(Qurtoba!D:D,"Sold") -> 1 | E2: =COUNTIF(Qurtoba!D:D,"Occupied") -> 37 | F2: =COUNTIF(Qurtoba!D:D,"Churning") -> 6 | G2: =COUNTIF('SF Kitchen Data'!A:A,A2)-COUNTIFS('SF Kitchen Data'!A:A,A2,'SF Kitchen Data'!F:F,"") -> 53 | H2: =COUNTIF('SF Kitchen Data'!A:A,A2) -> 53 | I2: =Sum(D2:F2)/G2 -> 0.83018868 | J2: =sum(E2:F2)/G2 -> 0.81132075 | K2: =VLOOKUP(A2,'Price Multipliers'!B:D,3,0) -> 1.4 | L2: 1.35 | M2: =K2-L2 -> 0.05
A3: SA - RUH - Wadi | B3: Live | C3: =COUNTIF(Wadi!D:D,"Vacant") -> 15 | D3: =COUNTIF(Wadi!D:D,"Sold") -> 1 | E3: =COUNTIF(Wadi!D:D,"Occupied") -> 37 | F3: =COUNTIF(Wadi!D:D,"Churning") -> 3 | G3: =COUNTIF('SF Kitchen Data'!A:A,A3)-COUNTIFS('SF Kitchen Data'!A:A,A3,'SF Kitchen Data'!F:F,"") -> 56 | H3: =COUNTIF('SF Kitchen Data'!A:A,A3) -> 56 | I3: =Sum(D3:F3)/G3 -> 0.73214286 | J3: =sum(E3:F3)/G3 -> 0.71428571 | K3: =VLOOKUP(A3,'Price Multipliers'!B:D,3,0) -> 1 | L3: 1.05 | M3: =K3-L3 -> -0.05
A4: SA - RUH - Olaya | B4: Live | C4: =COUNTIF(Olaya!D:D,"Vacant") -> 10 | D4: =COUNTIF(Olaya!D:D,"Sold") -> 0 | E4: =COUNTIF(Olaya!D:D,"Occupied") -> 11 | F4: =COUNTIF(Olaya!D:D,"Churning") -> 1 | G4: =COUNTIF('SF Kitchen Data'!A:A,A4)-COUNTIFS('SF Kitchen Data'!A:A,A4,'SF Kitchen Data'!F:F,"") -> 22 | H4: =COUNTIF('SF Kitchen Data'!A:A,A4) -> 22 | I4: =Sum(D4:F4)/G4 -> 0.54545455 | J4: =sum(E4:F4)/G4 -> 0.54545455 | K4: =VLOOKUP(A4,'Price Multipliers'!B:D,3,0) -> 1.1 | L4: 1.1 | M4: =K4-L4 -> 0
A5: SA - RUH - Dahrat Laban | B5: Live | C5: =COUNTIF('Dahrat Laban'!D:D,"Vacant") -> 10 | D5: =COUNTIF('Dahrat Laban'!D:D,"Sold") -> 1 | E5: =COUNTIF('Dahrat Laban'!D:D,"Occupied") -> 26 | F5: =COUNTIF('Dahrat Laban'!D:D,"Churning") -> 1 | G5: =COUNTIF('SF Kitchen Data'!A:A,A5)-COUNTIFS('SF Kitchen Data'!A:A,A5,'SF Kitchen Data'!F:F,"") -> 38 | H5: =COUNTIF('SF Kitchen Data'!A:A,A5) -> 38 | I5: =Sum(D5:F5)/G5 -> 0.73684211 | J5: =sum(E5:F5)/G5 -> 0.71052632 | K5: =VLOOKUP(A5,'Price Multipliers'!B:D,3,0) -> 1 | L5: 0.8 | M5: =K5-L5 -> 0.2
A6: SA - RUH - Sweidi | B6: Live | C6: =COUNTIF(Suweidi!D:D,"Vacant") -> 2 | D6: =COUNTIF(Suweidi!D:D,"Sold") -> 0 | E6: =COUNTIF(Suweidi!D:D,"Occupied") -> 22 | F6: =COUNTIF(Suweidi!D:D,"Churning") -> 0 | G6: =COUNTIF('SF Kitchen Data'!A:A,A6)-COUNTIFS('SF Kitchen Data'!A:A,A6,'SF Kitchen Data'!F:F,"") -> 24 | H6: =COUNTIF('SF Kitchen Data'!A:A,A6) -> 24 | I6: =Sum(D6:F6)/G6 -> 0.91666667 | J6: =sum(E6:F6)/G6 -> 0.91666667 | K6: =VLOOKUP(A6,'Price Multipliers'!B:D,3,0) -> 1.3 | L6: 1.25 | M6: =K6-L6 -> 0.05
A7: SA - RUH - Malga (1) | B7: Live | C7: =COUNTIF('Malga 1'!D:D,"Vacant") -> 3 | D7: =COUNTIF('Malga 1'!D:D,"Sold") -> 0 | E7: =COUNTIF('Malga 1'!D:D,"Occupied") -> 12 | F7: =COUNTIF('Malga 1'!D:D,"Churning") -> 2 | G7: =COUNTIF('SF Kitchen Data'!A:A,A7)-COUNTIFS('SF Kitchen Data'!A:A,A7,'SF Kitchen Data'!F:F,"") -> 17 | H7: =COUNTIF('SF Kitchen Data'!A:A,A7) -> 21 | I7: =Sum(D7:F7)/G7 -> 0.82352941 | J7: =sum(E7:F7)/G7 -> 0.82352941 | K7: =VLOOKUP(A7,'Price Multipliers'!B:D,3,0) -> 1.4 | L7: 1.4 | M7: =K7-L7 -> 0
A8: SA - KBR - Aqrabiya | B8: Live | C8: =COUNTIF('Aqrabiya - KBR'!D:D,"Vacant") -> 10 | D8: =COUNTIF('Aqrabiya - KBR'!D:D,"Sold") -> 0 | E8: =COUNTIF('Aqrabiya - KBR'!D:D,"Occupied") -> 17 | F8: =COUNTIF('Aqrabiya - KBR'!D:D,"Churning") -> 3 | G8: =COUNTIF('SF Kitchen Data'!A:A,A8)-COUNTIFS('SF Kitchen Data'!A:A,A8,'SF Kitchen Data'!F:F,"") -> 30 | H8: =COUNTIF('SF Kitchen Data'!A:A,A8) -> 30 | I8: =Sum(D8:F8)/G8 -> 0.66666667 | J8: =sum(E8:F8)/G8 -> 0.66666667 | K8: =VLOOKUP(A8,'Price Multipliers'!B:D,3,0) -> 1.15 | L8: 1.2 | M8: =K8-L8 -> -0.05
A9: SA - RUH - Khaleej | B9: Live | C9: =COUNTIF(Khaleej!D:D,"Vacant") -> 4 | D9: =COUNTIF(Khaleej!D:D,"Sold") -> 1 | E9: =COUNTIF(Khaleej!D:D,"Occupied") -> 27 | F9: =COUNTIF(Khaleej!D:D,"Churning") -> 2 | G9: =COUNTIF('SF Kitchen Data'!A:A,A9)-COUNTIFS('SF Kitchen Data'!A:A,A9,'SF Kitchen Data'!F:F,"") -> 34 | H9: =COUNTIF('SF Kitchen Data'!A:A,A9) -> 34 | I9: =Sum(D9:F9)/G9 -> 0.88235294 | J9: =sum(E9:F9)/G9 -> 0.85294118 | K9: =VLOOKUP(A9,'Price Multipliers'!B:D,3,0) -> 1.45 | L9: 1.45 | M9: =K9-L9 -> 0
A10: SA - RUH - Aqiq | B10: Live | C10: =COUNTIF(Aqiq!D:D,"Vacant") -> 3 | D10: =COUNTIF(Aqiq!D:D,"Sold") -> 1 | E10: =COUNTIF(Aqiq!D:D,"Occupied") -> 15 | F10: =COUNTIF(Aqiq!D:D,"Churning") -> 1 | G10: =COUNTIF('SF Kitchen Data'!A:A,A10)-COUNTIFS('SF Kitchen Data'!A:A,A10,'SF Kitchen Data'!F:F,"") -> 20 | H10: =COUNTIF('SF Kitchen Data'!A:A,A10) -> 21 | I10: =Sum(D10:F10)/G10 -> 0.85 | J10: =sum(E10:F10)/G10 -> 0.8 | K10: =VLOOKUP(A10,'Price Multipliers'!B:D,3,0) -> 1.35 | L10: 1.35 | M10: =K10-L10 -> 0
A11: SA - RUH - Malga (2) | B11: Live | C11: =COUNTIF('Malga 2'!D:D,"Vacant") -> 2 | D11: =COUNTIF('Malga 2'!D:D,"Sold") -> 1 | E11: =COUNTIF('Malga 2'!D:D,"Occupied") -> 23 | F11: =COUNTIF('Malga 2'!D:D,"Churning") -> 3 | G11: =COUNTIF('SF Kitchen Data'!A:A,A11)-COUNTIFS('SF Kitchen Data'!A:A,A11,'SF Kitchen Data'!F:F,"") -> 29 | H11: =COUNTIF('SF Kitchen Data'!A:A,A11) -> 29 | I11: =Sum(D11:F11)/G11 -> 0.93103448 | J11: =sum(E11:F11)/G11 -> 0.89655172 | K11: =VLOOKUP(A11,'Price Multipliers'!B:D,3,0) -> 1.4 | L11: 1.4 | M11: =K11-L11 -> 0
A12: SA - RUH - King Fahd | B12: Live | C12: =COUNTIF('King Fahd'!D:D,"Vacant") -> 9 | D12: =COUNTIF('King Fahd'!D:D,"Sold") -> 0 | E12: =COUNTIF('King Fahd'!D:D,"Occupied") -> 20 | F12: =COUNTIF('King Fahd'!D:D,"Churning") -> 0 | G12: =COUNTIF('SF Kitchen Data'!A:A,A12)-COUNTIFS('SF Kitchen Data'!A:A,A12,'SF Kitchen Data'!F:F,"") -> 29 | H12: =COUNTIF('SF Kitchen Data'!A:A,A12) -> 29 | I12: =Sum(D12:F12)/G12 -> 0.68965517 | J12: =sum(E12:F12)/G12 -> 0.68965517 | K12: =VLOOKUP(A12,'Price Multipliers'!B:D,3,0) -> 1.2 | L12: 1.2 | M12: =K12-L12 -> 0
A13: SA - RUH - Salam | B13: Live | C13: =COUNTIF(Salam!D:D,"Vacant") -> 4 | D13: =COUNTIF(Salam!D:D,"Sold") -> 0 | E13: =COUNTIF(Salam!D:D,"Occupied") -> 18 | F13: =COUNTIF(Salam!D:D,"Churning") -> 0 | G13: =COUNTIF('SF Kitchen Data'!A:A,A13)-COUNTIFS('SF Kitchen Data'!A:A,A13,'SF Kitchen Data'!F:F,"") -> 22 | H13: =COUNTIF('SF Kitchen Data'!A:A,A13) -> 22 | I13: =Sum(D13:F13)/G13 -> 0.81818182 | J13: =sum(E13:F13)/G13 -> 0.81818182 | K13: =VLOOKUP(A13,'Price Multipliers'!B:D,3,0) -> 1.25 | L13: 1.2 | M13: =K13-L13 -> 0.05
A14: SA - RUH - Sulimaniyah | B14: Live | C14: =COUNTIF(Sulimaniah!D:D,"Vacant") -> 0 | D14: =COUNTIF(Sulimaniah!D:D,"Sold") -> 0 | E14: =COUNTIF(Sulimaniah!D:D,"Occupied") -> 24 | F14: =COUNTIF(Sulimaniah!D:D,"Churning") -> 1 | G14: =COUNTIF('SF Kitchen Data'!A:A,A14)-COUNTIFS('SF Kitchen Data'!A:A,A14,'SF Kitchen Data'!F:F,"") -> 25 | H14: =COUNTIF('SF Kitchen Data'!A:A,A14) -> 25 | I14: =Sum(D14:F14)/G14 -> 1 | J14: =sum(E14:F14)/G14 -> 1 | K14: =VLOOKUP(A14,'Price Multipliers'!B:D,3,0) -> 1.3 | L14: 1.2 | M14: =K14-L14 -> 0.1
A15: SA - DMM - Rawda | B15: Live | C15: =COUNTIF('Rawda - DMM'!D:D,"Vacant") -> 1 | D15: =COUNTIF('Rawda - DMM'!D:D,"Sold") -> 5 | E15: =COUNTIF('Rawda - DMM'!D:D,"Occupied") -> 14 | F15: =COUNTIF('Rawda - DMM'!D:D,"Churning") -> 4 | G15: =COUNTIF('SF Kitchen Data'!A:A,A15)-COUNTIFS('SF Kitchen Data'!A:A,A15,'SF Kitchen Data'!F:F,"") -> 24 | H15: =COUNTIF('SF Kitchen Data'!A:A,A15) -> 24 | I15: =Sum(D15:F15)/G15 -> 0.95833333 | J15: =sum(E15:F15)/G15 -> 0.75 | K15: =VLOOKUP(A15,'Price Multipliers'!B:D,3,0) -> 1.2 | L15: 1.25 | M15: =K15-L15 -> -0.05
A16: SA - DMM - Zuhur | B16: Live | C16: =COUNTIF('Zuhur - DMM'!D:D,"Vacant") -> 6 | D16: =COUNTIF('Zuhur - DMM'!D:D,"Sold") -> 2 | E16: =COUNTIF('Zuhur - DMM'!D:D,"Occupied") -> 14 | F16: =COUNTIF('Zuhur - DMM'!D:D,"Churning") -> 2 | G16: =COUNTIF('SF Kitchen Data'!A:A,A16)-COUNTIFS('SF Kitchen Data'!A:A,A16,'SF Kitchen Data'!F:F,"") -> 24 | H16: =COUNTIF('SF Kitchen Data'!A:A,A16) -> 24 | I16: =Sum(D16:F16)/G16 -> 0.75 | J16: =sum(E16:F16)/G16 -> 0.66666667 | K16: =VLOOKUP(A16,'Price Multipliers'!B:D,3,0) -> 1.2 | L16: 1.25 | M16: =K16-L16 -> -0.05
A17: SA - RUH - Jarir | B17: Live | C17: =COUNTIF(Jarir!D:D,"Vacant") -> 4 | D17: =COUNTIF(Jarir!D:D,"Sold") -> 5 | E17: =COUNTIF(Jarir!D:D,"Occupied") -> 14 | F17: =COUNTIF(Jarir!D:D,"Churning") -> 0 | G17: =COUNTIF('SF Kitchen Data'!A:A,A17)-COUNTIFS('SF Kitchen Data'!A:A,A17,'SF Kitchen Data'!F:F,"") -> 23 | H17: =COUNTIF('SF Kitchen Data'!A:A,A17) -> 23 | I17: =Sum(D17:F17)/G17 -> 0.82608696 | J17: =sum(E17:F17)/G17 -> 0.60869565 | K17: =VLOOKUP(A17,'Price Multipliers'!B:D,3,0) -> 1 | L17: 0.8 | M17: =K17-L17 -> 0.2
A18: SA - RUH - Narjis | B18: Live | C18: =COUNTIF(Narjis!D:D,"Vacant") -> 5 | D18: =COUNTIF(Narjis!D:D,"Sold") -> 0 | E18: =COUNTIF(Narjis!D:D,"Occupied") -> 22 | F18: =COUNTIF(Narjis!D:D,"Churning") -> 0 | G18: =COUNTIF('SF Kitchen Data'!A:A,A18)-COUNTIFS('SF Kitchen Data'!A:A,A18,'SF Kitchen Data'!F:F,"") -> 27 | H18: =COUNTIF('SF Kitchen Data'!A:A,A18) -> 28 | I18: =Sum(D18:F18)/G18 -> 0.81481481 | J18: =sum(E18:F18)/G18 -> 0.81481481 | K18: =VLOOKUP(A18,'Price Multipliers'!B:D,3,0) -> 1.15 | L18: 1.2 | M18: =K18-L18 -> -0.05
A19: SA - AHS - Hofuf | B19: Live | C19: =COUNTIF(Hofuf!D:D,"Vacant") -> 7 | D19: =COUNTIF(Hofuf!D:D,"Sold") -> 0 | E19: =COUNTIF(Hofuf!D:D,"Occupied") -> 12 | F19: =COUNTIF(Hofuf!D:D,"Churning") -> 1 | G19: =COUNTIF('SF Kitchen Data'!A:A,A19)-COUNTIFS('SF Kitchen Data'!A:A,A19,'SF Kitchen Data'!F:F,"") -> 20 | H19: =COUNTIF('SF Kitchen Data'!A:A,A19) -> 20 | I19: =Sum(D19:F19)/G19 -> 0.65 | J19: =sum(E19:F19)/G19 -> 0.65 | K19: =VLOOKUP(A19,'Price Multipliers'!B:D,3,0) -> 0.8 | L19: 0.8 | M19: =K19-L19 -> 0
A20: SA - QSM - Al Bishr | B20: Live | C20: =COUNTIF(Bishr!D:D,"Vacant") -> 3 | D20: =COUNTIF(Bishr!D:D,"Sold") -> 1 | E20: =COUNTIF(Bishr!D:D,"Occupied") -> 6 | F20: =COUNTIF(Bishr!D:D,"Churning") -> 1 | G20: =COUNTIF('SF Kitchen Data'!A:A,A20)-COUNTIFS('SF Kitchen Data'!A:A,A20,'SF Kitchen Data'!F:F,"") -> 18 | H20: =COUNTIF('SF Kitchen Data'!A:A,A20) -> 18 | I20: =Sum(D20:F20)/G20 -> 0.44444444 | J20: =sum(E20:F20)/G20 -> 0.38888889 | K20: =VLOOKUP(A20,'Price Multipliers'!B:D,3,0) -> 0.85 | L20: 0.8 | M20: =K20-L20 -> 0.05
A21: SA - RUH - Yasmin | B21: Live | C21: =COUNTIF(Yasmin!D:D,"Vacant") -> 1 | D21: =COUNTIF(Yasmin!D:D,"Sold") -> 0 | E21: =COUNTIF(Yasmin!D:D,"Occupied") -> 17 | F21: =COUNTIF(Yasmin!D:D,"Churning") -> 2 | G21: =COUNTIF('SF Kitchen Data'!A:A,A21)-COUNTIFS('SF Kitchen Data'!A:A,A21,'SF Kitchen Data'!F:F,"") -> 20 | H21: =COUNTIF('SF Kitchen Data'!A:A,A21) -> 20 | I21: =Sum(D21:F21)/G21 -> 0.95 | J21: =sum(E21:F21)/G21 -> 0.95 | K21: =VLOOKUP(A21,'Price Multipliers'!B:D,3,0) -> 1.3 | L21: 1.3 | M21: =K21-L21 -> 0
A22: SA - RUH - King Faisal | B22: Not Live | C22: =COUNTIF('King Faisal'!D:D,"Vacant") -> 2 | D22: =COUNTIF('King Faisal'!D:D,"Sold") -> 6 | E22: =COUNTIF('King Faisal'!D:D,"Occupied") -> 15 | F22: =COUNTIF('King Faisal'!D:D,"Churning") -> 0 | G22: =COUNTIF('SF Kitchen Data'!A:A,A22)-COUNTIFS('SF Kitchen Data'!A:A,A22,'SF Kitchen Data'!F:F,"") -> 23 | H22: =COUNTIF('SF Kitchen Data'!A:A,A22) -> 23 | I22: =Sum(D22:F22)/G22 -> 0.91304348 | J22: =sum(E22:F22)/G22 -> 0.65217391 | K22: =VLOOKUP(A22,'Price Multipliers'!B:D,3,0) -> 1.3 | L22: 1.2 | M22: =K22-L22 -> 0.1
A23: SA - RUH - Arid (2) | B23: Not Live | C23: =COUNTIF('Arid 2'!D:D,"Vacant") -> 1 | D23: =COUNTIF('Arid 2'!D:D,"Sold") -> 2 | E23: =COUNTIF('Arid 2'!D:D,"Occupied") -> 9 | F23: =COUNTIF('Arid 2'!D:D,"Churning") -> 1 | G23: =COUNTIF('SF Kitchen Data'!A:A,A23)-COUNTIFS('SF Kitchen Data'!A:A,A23,'SF Kitchen Data'!F:F,"") -> 18 | H23: =COUNTIF('SF Kitchen Data'!A:A,A23) -> 20 | I23: =Sum(D23:F23)/G23 -> 0.66666667 | J23: =sum(E23:F23)/G23 -> 0.55555556 | K23: =VLOOKUP(A23,'Price Multipliers'!B:D,3,0) -> 1.2 | L23: 1.15 | M23: =K23-L23 -> 0.05
A24: SA - RUH - Aqiq (2) | B24: Not Live | C24: =COUNTIF('Aqiq 2'!D:D,"Vacant") -> 13 | D24: =COUNTIF('Aqiq 2'!D:D,"Sold") -> 0 | E24: =COUNTIF('Aqiq 2'!D:D,"Occupied") -> 0 | F24: =COUNTIF('Aqiq 2'!D:D,"Churning") -> 0 | G24: =COUNTIF('SF Kitchen Data'!A:A,A24)-COUNTIFS('SF Kitchen Data'!A:A,A24,'SF Kitchen Data'!F:F,"") -> 13 | H24: =COUNTIF('SF Kitchen Data'!A:A,A24) -> 13 | I24: =Sum(D24:F24)/G24 -> 0 | J24: =sum(E24:F24)/G24 -> 0 | K24: =VLOOKUP(A24,'Price Multipliers'!B:D,3,0) -> 1.1 | L24: N/A | M24: =K24-L24 -> #VALUE!
A25: SA - KBR - Rakah | B25: Not Live | C25: =COUNTIF('Rakah - KBR'!D:D,"Vacant") -> 14 | D25: =COUNTIF('Rakah - KBR'!D:D,"Sold") -> 0 | E25: =COUNTIF('Rakah - KBR'!D:D,"Occupied") -> 3 | F25: =COUNTIF('Rakah - KBR'!D:D,"Churning") -> 0 | G25: =COUNTIF('SF Kitchen Data'!A:A,A25)-COUNTIFS('SF Kitchen Data'!A:A,A25,'SF Kitchen Data'!F:F,"") -> 17 | H25: =COUNTIF('SF Kitchen Data'!A:A,A25) -> 17 | I25: =Sum(D25:F25)/G25 -> 0.17647059 | J25: =sum(E25:F25)/G25 -> 0.17647059 | K25: =VLOOKUP(A25,'Price Multipliers'!B:D,3,0) -> 1.1 | L25: N/A | M25: =K25-L25 -> #VALUE!
A26: Total Live | C26: =SUMIF($B$2:B25,"Live",C2:C25) -> 108 | D26: =SUMIF($B$2:C25,"Live",D2:D25) -> 19 | E26: =SUMIF($B$2:D25,"Live",E2:E25) -> 388 | F26: =SUMIF($B$2:E25,"Live",F2:F25) -> 33 | G26: =SUMIF($B$2:F25,"Live",G2:G25) -> 555 | H26: =SUMIF($B$2:G25,"Live",H2:H25) -> 561 | I26: =Sum(D26:F26)/G26 -> 0.79279279 | J26: =sum(E26:F26)/G26 -> 0.75855856
A27: Total | C27: =sum(C2:C25) -> 138 | D27: =sum(D2:D25) -> 27 | E27: =sum(E2:E25) -> 415 | F27: =sum(F2:F25) -> 34 | G27: =sum(G2:G25) -> 626 | H27: =sum(H2:H25) -> 634 | I27: =Sum(D27:F27)/G27 -> 0.76038339 | J27: =sum(E27:F27)/G27 -> 0.7172524

Sheet Pivot Table 4
E4: =B4/C4 -> 25.39799
E5: =B5/C5 -> 112.93196
E6: =B6/C6 -> 186.76664
E7: =B7/C7 -> 173.8856
E8: =B8/C8 -> 143.63844
E9: =B9/C9 -> 173.04379
E10: =B10/C10 -> 217.11247
E11: =B11/C11 -> 182.95471
E12: =B12/C12 -> 191.34672
E13: =B13/C13 -> 263.20322
E14: =B14/C14 -> 241.13121
E15: =B15/C15 -> 188.90674
... E29: =B29/C29 -> 362.47607

Sheet All Available Kitchens

Sheet Riyadh --->

Sheet Qurtoba

Sheet Olaya

Sheet Sulimaniah

Sheet Wadi

Sheet Dahrat Laban

Sheet Suweidi

Sheet Suweidi 2

Sheet Malga 1

Sheet Malga 2

Sheet Khaleej

Sheet Salam

Sheet Aqiq

Sheet Aqiq 2

Sheet Jarir

Sheet King Fahd

Sheet Arid 2

Sheet Sheet32

Sheet Narjis

Sheet King Faisal

Sheet Yasmin

Sheet Wurud

Sheet Copy of Wurud

Sheet Eastern Province --->

Sheet Aqrabiya - KBR

Sheet Rakah - KBR

Sheet Zuhur - DMM

Sheet Rawda - DMM

Sheet Tertiary Cities --->

Sheet Hofuf

Sheet Bishr

Sheet Olaya - Old

Sheet Sulimaniah - Old

Sheet Qurtoba - Old
M14: Seven Mahashi
M29: Tao

Sheet Dahrat Laban - Old

Sheet Suweidi - Old

Sheet Malga 1 - Old

Sheet Malga 2 - Old

Sheet Aqiq - Old

Sheet Jarir - Old
M1: Until 70% | N1: Current sold rate
M2: =CEILING(B2*0.85,50) -> 1700 | N2: =VLOOKUP(O2,Occupancy!A:L,10,FALSE) -> #REF! | O2: SA - RUH - Jarir
M3: =CEILING(B3*0.85,50) -> 1700
M4: =CEILING(B4*0.85,50) -> 1800
M5: =CEILING(B5*0.85,50) -> 1700
M6: =CEILING(B6*0.85,50) -> 3200
M7: =CEILING(B7*0.85,50) -> 3200
M8: =CEILING(B8*0.85,50) -> 3350
M9: =CEILING(B9*0.85,50) -> 3350
M10: =CEILING(B10*0.85,50) -> 3550
M11: =CEILING(B11*0.85,50) -> 3650
M12: =CEILING(B12*0.85,50) -> 3850
M13: =CEILING(B13*0.85,50) -> 3850
M14: =CEILING(B14*0.85,50) -> 4000
... M24: =CEILING(B24*0.85,50) -> 5150

Sheet Khaleej - Old

Sheet King Fahad - Old

Sheet Salam - Old
N1: Unitl 70% | O1: Current sold rate
N2: =ceiling(C2*0.8,50) -> #VALUE! | O2: =COUNTIF(K:K,"<>"&"")/23 -> 0
N3: =ceiling(C3*0.8,50) -> #VALUE!
N4: =ceiling(C4*0.8,50) -> #VALUE!
N5: =ceiling(C5*0.8,50) -> #VALUE!
N6: =ceiling(C6*0.8,50) -> #VALUE!
N7: =ceiling(C7*0.8,50) -> #VALUE!
N8: =ceiling(C8*0.8,50) -> #VALUE!
N9: =ceiling(C9*0.8,50) -> #VALUE!
N10: =ceiling(C10*0.8,50) -> #VALUE!
N11: =ceiling(C11*0.8,50) -> #VALUE!
N12: =ceiling(C12*0.8,50) -> #VALUE!
N13: =ceiling(C13*0.8,50) -> #VALUE!
N14: =ceiling(C14*0.8,50) -> #VALUE!
... N23: =ceiling(C23*0.8,50) -> #VALUE!

Sheet Narjis - Old
M1: Until 70% sold | N1: Current sold rate
M2: =ceiling(B2*0.85,50) -> 3500 | N2: =COUNTIF(K:K,"<>"&"")/27 -> 0 | O2: SA - RUH - Narjis
M3: =ceiling(B3*0.85,50) -> 3500
M4: =ceiling(B4*0.85,50) -> 3500
M5: =ceiling(B5*0.85,50) -> 3500
M6: =ceiling(B6*0.85,50) -> 3500
M7: =ceiling(B7*0.85,50) -> 2900
M8: =ceiling(B8*0.85,50) -> 5300
M9: =ceiling(B9*0.85,50) -> 5600
M10: =ceiling(B10*0.85,50) -> 5600
M11: =ceiling(B11*0.85,50) -> 6350
M12: =ceiling(B12*0.85,50) -> 6350
M13: =ceiling(B13*0.85,50) -> 6350
